datetime_utc,timestamp,site_id,HUMID,TEMP,PM2.5,PM10
2021-02-28,1614470400,1141.0,88.6661,21.3076,5.569555555555556,18.3352
2021-03-01,1614556800,1141.0,66.566875,25.288124999999997,12.166652173913045,34.344434782608694
2021-03-02,1614643200,1141.0,58.344434782608694,19.950521739130433,8.284304347826087,25.429136363636363
2021-03-03,1614729600,1141.0,63.64525,18.72475,6.212130434782608,15.19708695652174
2021-03-04,1614816000,1141.0,60.290416666666665,21.963916666666666,7.31404347826087,17.318458333333332
2021-03-05,1614902400,1141.0,58.41008333333334,19.867208333333334,8.423458333333334,23.239874999999998
2021-03-06,1614988800,1141.0,59.276125,19.329166666666666,5.562124999999999,16.310958333333335
2021-03-07,1615075200,1141.0,70.86304166666666,21.48529166666667,5.32495652173913,19.698869565217393
2021-03-08,1615161600,1141.0,68.669125,23.53379166666667,6.182826086956522,16.101958333333332
2021-03-09,1615248000,1141.0,69.05621739130434,22.662347826086958,8.085791666666667,24.974958333333333
2021-03-10,1615334400,1141.0,71.00358333333334,21.907583333333335,5.3642916666666665,18.888791666666666
2021-03-11,1615420800,1141.0,81.04662499999999,22.194875,5.72791304347826,14.2495
2021-03-12,1615507200,1141.0,85.09020833333334,22.526916666666665,6.878583333333334,13.609250000000001
2021-03-13,1615593600,1141.0,73.338875,24.779833333333332,5.3066956521739135,13.707166666666666
2021-03-14,1615680000,1141.0,78.52891666666666,15.210500000000001,5.110739130434783,11.406958333333334
2021-03-15,1615766400,1141.0,62.624249999999996,17.963541666666668,5.087833333333333,15.139291666666667
2021-03-16,1615852800,1141.0,77.62516666666666,19.1795,4.5824,13.88
2021-03-17,1615939200,1141.0,82.84991304347827,19.298434782608695,4.61,13.954652173913043
2021-03-18,1616025600,1141.0,90.87117391304346,18.963,3.7619999999999996,13.325608695652173
2021-03-19,1616112000,1141.0,85.3875,20.43433333333333,4.633652173913044,17.4005
2021-03-20,1616198400,1141.0,93.65804347826086,19.94604347826087,6.9976315789473675,21.84678260869565
2021-03-21,1616284800,1141.0,93.59465217391305,18.454434782608697,4.520882352941177,12.46125
2021-03-22,1616371200,1141.0,97.717375,18.050916666666666,1.7274,4.8464583333333335
2021-03-23,1616457600,1141.0,94.25855,19.36185,3.3821764705882353,6.274800000000001
2021-03-24,1616544000,1141.0,52.630545454545455,22.672818181818183,6.392047619047619,10.228619047619047
2021-03-25,1616630400,1141.0,58.124875,20.97875,4.485894736842106,10.252347826086957
2021-03-26,1616716800,1141.0,74.761625,19.49716666666667,4.730818181818182,16.362375
2021-03-27,1616803200,1141.0,58.87033333333334,20.669166666666666,7.064272727272726,13.981875
2021-03-28,1616889600,1141.0,66.397625,19.556833333333334,4.878142857142858,15.41175
2021-03-29,1616976000,1141.0,61.47108333333333,19.731458333333332,6.001904761904761,21.130791666666667
2021-03-30,1617062400,1141.0,63.967333333333336,17.777125,6.900416666666666,18.383708333333335
2021-03-31,1617148800,1141.0,63.44720833333333,18.912166666666668,6.279736842105263,16.842583333333334
2021-04-01,1617235200,1141.0,78.09021739130435,19.060391304347828,4.560380952380952,13.768416666666667
2021-04-02,1617321600,1141.0,77.33416666666666,19.584541666666667,5.370958333333333,13.349166666666667
2021-04-03,1617408000,1141.0,75.74708695652174,20.543347826086958,4.221111111111111,9.896565217391304
2021-04-04,1617494400,1141.0,71.84266666666666,22.32166666666667,7.471304347826087,16.697166666666664
2021-04-05,1617580800,1141.0,80.42516666666667,21.923708333333334,6.9301666666666675,19.549625000000002
2021-04-06,1617667200,1141.0,82.991,21.180833333333336,3.5376956521739134,12.045041666666668
2021-04-07,1617753600,1141.0,88.39933333333333,20.02725,2.640421052631579,9.143083333333333
2021-04-08,1617840000,1141.0,81.01641666666667,20.155625,3.429,8.752708333333333
2021-04-09,1617926400,1141.0,67.839375,21.3715,7.741681818181818,24.808000000000003
2021-04-10,1618012800,1141.0,47.35575,17.241416666666666,6.540708333333334,12.372916666666667
2021-04-11,1618099200,1141.0,42.09625,13.749875000000001,3.6870000000000003,10.132708333333333
2021-04-12,1618185600,1141.0,58.18875,13.643666666666666,9.375375,21.500541666666667
2021-04-13,1618272000,1141.0,59.842375000000004,16.450708333333335,6.306521739130435,15.478708333333332
2021-04-14,1618358400,1141.0,33.942875,21.201666666666664,5.455136363636364,20.455772727272727
2021-04-15,1618444800,1141.0,40.41927272727273,19.569863636363635,11.037238095238095,27.155043478260872
2021-04-16,1618531200,1141.0,64.05541666666666,16.699416666666668,6.411041666666667,21.49683333333333
2021-04-17,1618617600,1141.0,76.61475,14.191125,10.520999999999999,22.643208333333334
2021-04-18,1618704000,1141.0,75.943875,15.133375000000001,,18.5735
2021-04-19,1618790400,1141.0,67.425125,16.083125,13.753066666666665,27.069541666666666
2021-04-20,1618876800,1141.0,50.325916666666664,17.311375,7.839125,22.148416666666666
2021-04-21,1618963200,1141.0,61.404833333333336,13.998708333333333,7.843304347826086,16.027791666666666
2021-04-22,1619049600,1141.0,49.48008333333333,13.252916666666666,10.534541666666668,21.942458333333335
2021-04-23,1619136000,1141.0,61.08425,14.116416666666666,12.003916666666667,24.832666666666668
2021-04-24,1619222400,1141.0,66.05470833333334,14.901666666666666,13.427304347826086,23.123208333333334
2021-04-25,1619308800,1141.0,76.07970833333333,15.093916666666667,7.021,15.463625
2021-04-26,1619395200,1141.0,74.623375,16.206791666666668,17.252958333333336,35.188250000000004
2021-04-27,1619481600,1141.0,75.23216666666666,16.811625,25.170374999999996,32.808708333333335
2021-04-28,1619568000,1141.0,78.58129166666667,15.551708333333332,12.032291666666666,20.67125
2021-04-29,1619654400,1141.0,78.425,15.893374999999999,16.95029166666667,29.982499999999998
2021-04-30,1619740800,1141.0,81.68516666666666,16.6885,21.764583333333334,27.016478260869565
2021-05-01,1619827200,1141.0,86.17770833333333,17.199041666666666,7.070909090909091,11.76625
2021-05-02,1619913600,1141.0,83.31004166666666,17.117250000000002,25.91095652173913,38.013318181818185
2021-05-03,1620000000,1141.0,73.58229166666666,18.41604166666667,23.657833333333333,32.18475
2021-05-04,1620086400,1141.0,94.34270833333333,14.661208333333335,20.601291666666665,25.176083333333334
2021-05-05,1620172800,1141.0,90.39391666666667,17.340416666666666,3.6512000000000002,8.994130434782608
2021-05-06,1620259200,1141.0,90.066875,19.402125,5.920454545454546,17.581041666666668
2021-05-07,1620345600,1141.0,85.63741666666665,17.802458333333334,7.74475,16.534375
2021-05-08,1620432000,1141.0,64.12966666666667,18.974458333333335,10.644549999999999,15.52904347826087
2021-05-09,1620518400,1141.0,76.25225,16.384625,7.253833333333334,15.519374999999998
2021-05-10,1620604800,1141.0,67.20579166666667,17.47125,7.243095238095238,15.687136363636364
2021-05-11,1620691200,1141.0,72.878,16.28125,5.156272727272728,11.607708333333333
2021-05-12,1620777600,1141.0,80.22729166666666,16.88295833333333,4.35515,11.906208333333334
2021-05-13,1620864000,1141.0,56.28908333333334,17.134333333333334,6.370636363636364,11.277347826086958
2021-05-14,1620950400,1141.0,51.32233333333334,13.253458333333333,4.3498636363636365,10.2166
2021-05-15,1621036800,1141.0,49.043958333333336,11.509958333333332,3.653590909090909,8.654666666666666
2021-05-16,1621123200,1141.0,45.73666666666667,12.149166666666666,4.7234,9.961833333333333
2021-05-17,1621209600,1141.0,61.069375,12.30625,4.952478260869565,12.02925
2021-05-18,1621296000,1141.0,69.5775,11.906125000000001,9.274583333333334,20.719291666666667
2021-05-19,1621382400,1141.0,72.93795833333333,12.468416666666668,12.678166666666668,23.922875
2021-05-20,1621468800,1141.0,58.4725,13.588583333333332,11.519363636363636,22.204083333333333
2021-05-21,1621555200,1141.0,77.86317391304348,12.42886956521739,8.304130434782609,20.964291666666664
2021-05-22,1621641600,1141.0,78.61195833333333,13.515541666666666,9.890916666666667,18.961291666666668
2021-05-23,1621728000,1141.0,83.14658333333334,14.923583333333333,5.1194999999999995,11.229791666666666
2021-05-24,1621814400,1141.0,88.11429166666666,14.707791666666667,7.304,12.721916666666667
2021-05-25,1621900800,1141.0,68.68841666666667,16.59691666666667,5.2449047619047615,10.402916666666668
2021-05-26,1621987200,1141.0,50.13579166666667,14.630291666666666,4.43775,9.997458333333332
2021-05-27,1622073600,1141.0,53.094458333333336,13.3155,3.751909090909091,8.712625000000001
2021-05-28,1622160000,1141.0,46.583666666666666,11.659291666666666,4.006590909090909,11.889916666666666
2021-05-29,1622246400,1141.0,53.600249999999996,12.720374999999999,3.640045454545455,10.94225
2021-05-30,1622332800,1141.0,65.88745833333333,12.402666666666667,3.6654999999999998,10.647
2021-05-31,1622419200,1141.0,75.79954166666667,11.273291666666667,9.897318181818182,22.466333333333335
2021-06-01,1622505600,1141.0,75.14158333333333,12.037125000000001,15.598916666666668,29.858125
2021-06-02,1622592000,1141.0,72.24379166666667,13.660291666666666,14.3525,30.92058333333333
2021-06-03,1622678400,1141.0,94.76991666666667,11.658708333333335,15.573083333333335,21.686166666666665
2021-06-04,1622764800,1141.0,59.24133333333333,13.859916666666665,5.282625,9.429333333333334
2021-06-05,1622851200,1141.0,65.733,10.155333333333333,12.504833333333332,16.176791666666666
2021-06-06,1622937600,1141.0,70.46816666666668,11.60875,12.066260869565218,16.948958333333334
2021-06-07,1623024000,1141.0,64.30995833333334,12.793375,5.755409090909091,11.265583333333332
2021-06-08,1623110400,1141.0,77.67441666666666,13.123458333333334,5.316619047619048,11.224499999999999
2021-06-09,1623196800,1141.0,66.12237499999999,9.266333333333334,3.122263157894737,7.8229999999999995
2021-06-10,1623283200,1141.0,92.26045833333335,6.783666666666666,8.054583333333333,9.526125
2021-06-11,1623369600,1141.0,72.51829166666667,10.693249999999999,6.695727272727273,9.174166666666666
2021-06-12,1623456000,1141.0,63.30741666666666,10.953666666666665,9.956100000000001,12.112333333333334
2021-06-13,1623542400,1141.0,59.355291666666666,12.129833333333332,8.440000000000001,10.762875
2021-06-14,1623628800,1141.0,75.784875,12.978291666666665,8.73991304347826,15.465125
2021-06-15,1623715200,1141.0,85.465875,11.876833333333332,9.091666666666667,17.132416666666668
2021-06-16,1623801600,1141.0,73.99354166666667,13.095999999999998,5.9597500000000005,10.734454545454545
2021-06-17,1623888000,1141.0,60.098166666666664,11.708583333333335,4.233521739130435,8.417541666666667
2021-06-18,1623974400,1141.0,59.43445833333333,13.831208333333334,3.3597499999999996,6.474666666666667
2021-06-19,1624060800,1141.0,66.40470833333333,13.590666666666666,3.0999545454545454,10.608833333333333
2021-06-20,1624147200,1141.0,82.04741666666666,11.910583333333333,3.896227272727273,8.855666666666666
2021-06-21,1624233600,1141.0,81.32916666666667,11.720083333333333,4.9351666666666665,13.667833333333334
2021-06-22,1624320000,1141.0,88.06374999999998,11.7675,10.773478260869565,19.576875
2021-06-23,1624406400,1141.0,71.85860869565218,14.471391304347826,4.4663157894736845,9.081555555555555
2021-06-24,1624492800,1141.0,73.55108333333334,15.729541666666668,5.585578947368421,11.303541666666668
2021-06-25,1624579200,1141.0,57.97991666666667,13.665291666666667,4.103391304347826,8.372416666666666
2021-06-26,1624665600,1141.0,62.549791666666664,11.445791666666667,7.54778947368421,9.681416666666665
2021-06-27,1624752000,1141.0,59.78395833333334,11.94675,6.076826086956522,10.009875
2021-06-28,1624838400,1141.0,77.5085,11.648125,6.480916666666666,18.97975
2021-06-29,1624924800,1141.0,92.17416666666666,12.740541666666667,5.113181818181818,10.835791666666667
2021-06-30,1625011200,1141.0,90.47408333333334,13.41625,10.623181818181818,17.40125
2021-07-01,1625097600,1141.0,91.18425,13.251458333333334,10.008708333333333,17.5
2021-07-02,1625184000,1141.0,83.51683333333334,12.198666666666666,7.912857142857144,13.772416666666667
2021-07-03,1625270400,1141.0,67.43804166666666,11.792833333333334,7.646909090909091,11.895083333333334
2021-07-04,1625356800,1141.0,64.228,8.791208333333334,7.375318181818182,10.783458333333334
2021-07-05,1625443200,1141.0,59.54566666666667,9.956,4.992047619047619,9.067
2021-07-06,1625529600,1141.0,66.71108333333333,9.312166666666666,5.935454545454546,14.379375000000001
2021-07-07,1625616000,1141.0,75.35879166666668,9.075791666666666,15.648833333333334,26.562541666666664
2021-07-08,1625702400,1141.0,78.91845833333333,10.591833333333334,15.749625,25.509375000000002
2021-07-09,1625788800,1141.0,81.82033333333334,11.410541666666667,9.994434782608694,15.945041666666667
2021-07-10,1625875200,1141.0,82.092125,11.568666666666667,4.051478260869565,8.321916666666667
2021-07-11,1625961600,1141.0,84.462375,10.611208333333334,11.945238095238095,17.9035
2021-07-12,1626048000,1141.0,82.45578260869566,11.009826086956522,7.8658,16.284652173913045
2021-07-13,1626134400,1141.0,63.98670833333333,13.182666666666668,7.127863636363636,12.43875
2021-07-14,1626220800,1141.0,78.02929166666667,12.943291666666667,5.93325,12.659791666666665
2021-07-15,1626307200,1141.0,69.83125,14.811208333333333,5.380136363636364,12.144666666666666
2021-07-16,1626393600,1141.0,47.891,14.572458333333335,3.47725,11.812260869565218
2021-07-17,1626480000,1141.0,50.79570833333333,12.003208333333333,2.954421052631579,7.739416666666667
2021-07-18,1626566400,1141.0,58.20016666666667,11.500625,5.033375,9.01
2021-07-19,1626652800,1141.0,62.28858333333333,10.1515,5.84559090909091,8.643291666666666
2021-07-20,1626739200,1141.0,51.5505,12.216458333333334,3.5995454545454546,6.5343333333333335
2021-07-21,1626825600,1141.0,57.40979166666667,9.078125,6.64575,17.17054166666667
2021-07-22,1626912000,1141.0,59.30220833333333,11.627458333333335,8.62259090909091,13.795541666666667
2021-07-23,1626998400,1141.0,80.11116666666666,11.615833333333333,12.254434782608694,17.2085
2021-07-24,1627084800,1141.0,47.916374999999995,13.486541666666668,3.8144444444444443,4.905434782608696
2021-07-25,1627171200,1141.0,45.32975,11.395125,3.872434782608696,8.596458333333333
2021-07-26,1627257600,1141.0,56.13695652173914,14.53386956521739,3.9274,7.419608695652174
2021-07-27,1627344000,1141.0,50.010124999999995,15.360666666666667,3.8489047619047616,9.432041666666667
2021-07-28,1627430400,1141.0,45.14277272727273,16.21336363636364,4.401,11.937727272727273
2021-07-29,1627516800,1141.0,53.691809523809525,10.092238095238095,8.46495,16.028904761904762
2021-07-30,1627603200,1141.0,56.5995,11.17525,12.293708333333333,18.98075
2021-07-31,1627689600,1141.0,50.83775,16.902083333333334,7.514434782608696,14.012916666666667
2021-08-01,1627776000,1141.0,63.97416666666667,14.198708333333334,4.245826086956521,11.21425
2021-08-02,1627862400,1141.0,71.19566666666667,14.016666666666666,4.901136363636364,14.72625
2021-08-03,1627948800,1141.0,49.17658333333333,13.296041666666667,3.80565,5.661909090909091
2021-08-04,1628035200,1141.0,51.274541666666664,11.627375,2.961235294117647,6.680875
2021-08-05,1628121600,1141.0,55.898739130434784,12.716695652173913,3.970772727272727,8.07295652173913
2021-08-06,1628208000,1141.0,58.40091666666667,12.552583333333333,5.337899999999999,9.227583333333333
2021-08-07,1628294400,1141.0,53.362208333333335,13.281208333333334,4.908608695652174,8.081708333333333
2021-08-08,1628380800,1141.0,79.81691666666667,12.099333333333334,6.9861,16.492708333333333
2021-08-09,1628467200,1141.0,74.107625,12.743625,7.834272727272727,17.928791666666665
2021-08-10,1628553600,1141.0,58.8435,15.785333333333334,6.582272727272727,13.33725
2021-08-11,1628640000,1141.0,46.64183333333333,19.137083333333333,3.791952380952381,10.283
2021-08-12,1628726400,1141.0,52.141333333333336,12.699541666666667,4.967052631578947,10.604083333333334
2021-08-13,1628812800,1141.0,59.415333333333336,12.278833333333333,10.433708333333334,18.234166666666667
2021-08-14,1628899200,1141.0,65.6865,12.760291666666667,21.86395652173913,26.724
2021-08-15,1628985600,1141.0,43.07808333333333,13.575083333333334,6.214681818181819,8.643681818181818
2021-08-16,1629072000,1141.0,41.54383333333333,15.302583333333333,3.6325238095238097,9.839625
2021-08-17,1629158400,1141.0,52.566624999999995,12.230875,5.01978947368421,10.6485
2021-08-18,1629244800,1141.0,66.62470833333333,12.108916666666666,8.181608695652175,18.495875
2021-08-19,1629331200,1141.0,71.02570833333333,13.994666666666667,13.115958333333333,26.760375
2021-08-20,1629417600,1141.0,52.86600000000001,16.212374999999998,18.19717391304348,27.995208333333334
2021-08-21,1629504000,1141.0,60.06570833333333,15.576708333333334,30.82260869565217,35.00304166666667
2021-08-22,1629590400,1141.0,41.71545833333333,20.175125,9.746333333333334,15.021818181818183
2021-08-23,1629676800,1141.0,68.14641666666667,16.927791666666668,4.271,12.325857142857144
2021-08-24,1629763200,1141.0,74.79695833333334,9.526666666666666,1.9781,2.8419090909090907
2021-08-25,1629849600,1141.0,59.969208333333334,11.468916666666667,4.262608695652174,8.804541666666667
2021-08-26,1629936000,1141.0,70.06745833333333,11.869250000000001,5.333454545454545,12.995208333333332
2021-08-27,1630022400,1141.0,48.43616666666667,13.391083333333334,5.74555,8.309681818181819
2021-08-28,1630108800,1141.0,73.58695833333333,12.137916666666667,10.171,15.103291666666665
2021-08-29,1630195200,1141.0,68.05304166666666,11.496708333333332,13.837739130434784,19.943956521739132
2021-08-30,1630281600,1141.0,63.29775,13.043666666666667,8.859772727272727,14.440624999999999
2021-08-31,1630368000,1141.0,56.648666666666664,14.907958333333333,8.612857142857143,16.489260869565218
2021-09-01,1630454400,1141.0,61.557208333333335,16.617166666666666,7.0909130434782615,17.8645
2021-09-02,1630540800,1141.0,74.525875,16.883916666666668,4.64895652173913,14.619916666666667
2021-09-03,1630627200,1141.0,65.74020833333334,18.465625,5.579291666666666,14.90275
2021-09-04,1630713600,1141.0,79.180875,16.711916666666667,3.78947619047619,9.793238095238095
2021-09-05,1630800000,1141.0,52.332625,13.200333333333333,3.4551363636363637,6.16504761904762
2021-09-06,1630886400,1141.0,58.1925,12.349874999999999,7.048913043478261,19.660391304347826
2021-09-07,1630972800,1141.0,52.51433333333333,15.464333333333334,4.89509090909091,14.90108695652174
2021-09-08,1631059200,1141.0,67.755875,14.734416666666666,6.511869565217391,18.422
2021-09-09,1631145600,1141.0,29.749375,19.964333333333332,4.759625,11.820124999999999
2021-09-10,1631232000,1141.0,74.19341666666666,16.033208333333334,9.69040909090909,20.99772727272727
2021-09-11,1631318400,1141.0,27.35475,21.873208333333334,5.881782608695652,13.517249999999999
2021-09-12,1631404800,1141.0,31.41,20.92275,4.052652173913043,11.622083333333334
2021-09-13,1631491200,1141.0,68.96904347826087,12.403913043478262,4.218304347826087,7.115130434782609
2021-09-14,1631577600,1141.0,67.837875,11.549291666666667,3.185739130434783,6.850583333333333
2021-09-15,1631664000,1141.0,67.25220833333333,12.339500000000001,3.34075,6.4238333333333335
2021-09-16,1631750400,1141.0,75.09904166666666,12.727208333333332,6.732777777777778,10.59085
2021-09-17,1631836800,1141.0,61.346875000000004,17.278833333333335,5.97115,12.475999999999999
2021-09-18,1631923200,1141.0,47.839958333333335,16.986083333333333,6.704545454545454,12.850416666666668
2021-09-19,1632009600,1141.0,34.461625,17.89379166666667,4.1640476190476186,11.081249999999999
2021-09-20,1632096000,1141.0,21.6278,23.7905,3.6042222222222224,17.710199999999997
2021-09-21,1632182400,1141.0,55.00391666666667,12.163291666666666,5.750913043478262,15.736083333333333
2021-09-22,1632268800,1141.0,66.32441666666666,13.576125,5.944571428571429,15.356708333333332
2021-09-23,1632355200,1141.0,48.00466666666667,18.846458333333334,5.414000000000001,12.731
2021-09-24,1632441600,1141.0,36.033,20.543666666666667,4.238590909090909,12.907583333333333
2021-09-25,1632528000,1141.0,61.77670833333334,14.364583333333334,4.803375,18.490708333333334
2021-09-26,1632614400,1141.0,69.214,12.276166666666667,5.071782608695652,12.004666666666667
2021-09-27,1632700800,1141.0,66.7965,13.570749999999999,5.493818181818182,13.083291666666668
2021-09-28,1632787200,1141.0,69.39766666666667,16.924916666666665,4.353916666666667,19.32875
2021-09-29,1632873600,1141.0,85.78395833333333,16.725333333333335,5.400476190476191,13.070666666666668
2021-09-30,1632960000,1141.0,72.92904166666666,17.912958333333332,7.057333333333334,12.461333333333334
2021-10-01,1633046400,1141.0,76.35058333333333,16.105625,7.642545454545455,13.635708333333334
2021-10-02,1633132800,1141.0,79.4152,16.39208,6.6546111111111115,10.15695652173913
2021-10-03,1633219200,1141.0,60.59770833333334,19.698333333333334,7.890285714285715,12.913583333333333
2021-10-04,1633305600,1141.0,37.35316666666667,19.718374999999998,5.6690000000000005,13.041434782608695
2021-10-05,1633392000,1141.0,37.57029166666667,16.652291666666667,7.345000000000001,15.587791666666666
2021-10-06,1633478400,1141.0,51.23066666666667,16.814791666666668,7.774217391304348,21.294625
2021-10-07,1633564800,1141.0,51.443625,19.731041666666666,7.833391304347827,31.750130434782612
2021-10-08,1633651200,1141.0,69.89229166666667,16.565291666666667,7.040333333333333,23.195291666666666
2021-10-09,1633737600,1141.0,50.499125,21.209958333333333,25.92208695652174,40.910583333333335
2021-10-10,1633824000,1141.0,82.27208333333333,15.278791666666665,5.33695,11.1715
2021-10-11,1633910400,1141.0,74.23420833333334,13.426124999999999,3.8355217391304346,11.1915
2021-10-12,1633996800,1141.0,67.20770833333334,14.986666666666666,5.4674736842105265,11.014874999999998
2021-10-13,1634083200,1141.0,77.85804166666667,17.08491666666667,2.8330714285714285,12.069
2021-10-14,1634169600,1141.0,80.32504166666666,17.893375,6.344047619047619,12.391727272727273
2021-10-15,1634256000,1141.0,49.50279166666667,16.217166666666667,3.3645625,10.684583333333334
2021-10-16,1634342400,1141.0,44.9395,16.826666666666668,5.9398333333333335,8.402041666666667
2021-10-17,1634428800,1141.0,64.7345,16.712083333333332,5.8744,15.864916666666666
2021-10-18,1634515200,1141.0,53.38970833333334,19.548041666666666,9.67809090909091,20.456541666666666
2021-10-19,1634601600,1141.0,68.26866666666668,14.952541666666667,5.020894736842106,11.897208333333333
2021-10-20,1634688000,1141.0,70.854,17.139583333333334,5.6662,12.615458333333335
2021-10-21,1634774400,1141.0,67.897875,18.588125,6.50535,12.831695652173915
2021-10-22,1634860800,1141.0,75.02133333333333,18.844791666666666,6.25335,12.908916666666668
2021-10-23,1634947200,1141.0,68.82116666666667,21.595125,6.434,15.874666666666668
2021-10-24,1635033600,1141.0,71.07695833333334,16.270333333333333,6.989,13.991
2021-10-25,1635120000,1141.0,56.964958333333335,16.48275,5.8845,16.245458333333335
2021-10-26,1635206400,1141.0,60.67429166666667,18.071541666666665,5.53885,19.354875
2021-10-27,1635292800,1141.0,69.710375,20.07425,8.332434782608697,24.63291666666667
2021-10-28,1635379200,1141.0,45.92720833333333,23.777124999999998,10.368285714285715,25.757375
2021-10-29,1635465600,1141.0,36.161625,22.602125,6.302739130434782,29.396666666666665
2021-10-30,1635552000,1141.0,54.23204166666667,15.137041666666667,5.503541666666667,19.850125000000002
2021-10-31,1635638400,1141.0,63.202958333333335,16.068708333333333,6.040619047619048,15.900500000000001
2021-11-01,1635724800,1141.0,64.88283333333334,19.174166666666668,6.757833333333334,17.079583333333332
2021-11-02,1635811200,1141.0,64.54225,19.54975,6.047933333333334,11.944173913043478
2021-11-03,1635897600,1141.0,62.78633333333334,20.252416666666665,4.967210526315789,15.908041666666668
2021-11-04,1635984000,1141.0,88.665375,17.975833333333334,3.1273478260869565,11.523043478260869
2021-11-05,1636070400,1141.0,72.79350000000001,19.152541666666668,4.132411764705883,11.097090909090909
2021-11-06,1636156800,1141.0,71.42558333333334,20.637833333333333,4.264541666666667,17.470625000000002
2021-11-07,1636243200,1141.0,84.53366666666666,19.439666666666668,4.946363636363636,11.525041666666667
2021-11-08,1636329600,1141.0,74.51475,19.693208333333335,4.278833333333333,12.032166666666667
2021-11-09,1636416000,1141.0,75.47670833333333,20.519541666666665,4.735285714285714,17.233208333333334
2021-11-10,1636502400,1141.0,89.623125,18.9145,6.749083333333334,13.458625
2021-11-11,1636588800,1141.0,83.86120833333334,14.914833333333334,5.859333333333333,14.874
2021-11-12,1636675200,1141.0,62.79075,17.681375,3.8840714285714286,7.870157894736842
2021-11-13,1636761600,1141.0,49.44479166666667,17.067625,4.206117647058824,5.971166666666666
2021-11-14,1636848000,1141.0,39.04825,16.70991666666667,3.944238095238095,8.577347826086957
2021-11-15,1636934400,1141.0,42.85729166666667,16.955791666666666,3.5351363636363633,11.214333333333334
2021-11-16,1637020800,1141.0,55.00820833333333,15.677041666666668,3.931142857142857,16.407083333333333
2021-11-17,1637107200,1141.0,64.64795833333334,17.775291666666664,3.3146521739130432,15.806166666666668
2021-11-18,1637193600,1141.0,64.98825000000001,21.065833333333334,6.734913043478261,26.000217391304346
2021-11-19,1637280000,1141.0,68.55033333333334,20.697791666666667,8.430043478260869,28.22134782608696
2021-11-20,1637366400,1141.0,84.57054166666667,16.960291666666667,3.9340526315789472,10.148541666666667
2021-11-21,1637452800,1141.0,81.56516666666667,16.449625,3.521090909090909,14.164125
2021-11-22,1637539200,1141.0,77.93445833333332,17.919541666666667,3.759722222222222,18.654166666666665
2021-11-23,1637625600,1141.0,83.25183333333334,19.478333333333335,2.95545,12.303624999999998
2021-11-24,1637712000,1141.0,83.263125,21.873416666666667,6.239318181818183,16.404166666666665
2021-11-25,1637798400,1141.0,85.988625,20.497833333333332,6.849941176470588,10.3926
2021-11-26,1637884800,1141.0,82.172375,16.557416666666665,5.731217391304348,13.85495652173913
2021-11-27,1637971200,1141.0,69.74945833333334,16.483125,7.831863636363636,23.255750000000003
2021-11-28,1638057600,1141.0,65.14395833333333,16.685791666666667,5.408913043478261,23.629458333333332
2021-11-29,1638144000,1141.0,66.64866666666667,19.426291666666668,4.864739130434782,25.411916666666666
2021-11-30,1638230400,1141.0,83.71866666666666,20.392,3.9974499999999997,11.398083333333332
2021-12-01,1638316800,1141.0,71.963375,21.604541666666666,4.6171,9.369863636363636
2021-12-02,1638403200,1141.0,70.1985,22.265375000000002,3.312142857142857,10.303541666666666
2021-12-03,1638489600,1141.0,78.74249999999999,19.783083333333334,7.130739130434783,19.401041666666668
2021-12-04,1638576000,1141.0,69.68079166666666,18.356291666666667,6.788333333333334,17.196291666666667
2021-12-05,1638662400,1141.0,61.09891666666667,17.732833333333335,4.422105263157895,18.83641666666667
2021-12-06,1638748800,1141.0,65.794625,19.305458333333334,4.353727272727273,18.553083333333333
2021-12-07,1638835200,1141.0,74.581,20.980166666666666,5.134130434782609,15.712625000000001
2021-12-08,1638921600,1141.0,85.11591666666666,17.313375,4.755708333333334,14.284041666666667
2021-12-09,1639008000,1141.0,78.39820833333333,18.35504166666667,4.980473684210526,10.73409090909091
2021-12-10,1639094400,1141.0,67.89966666666668,16.313625,4.372833333333333,6.546619047619048
2021-12-11,1639180800,1141.0,63.740874999999996,17.487458333333333,3.66575,11.704541666666666
2021-12-12,1639267200,1141.0,59.775708333333334,18.5965,5.539944444444445,16.872083333333332
2021-12-13,1639353600,1141.0,66.31416666666667,18.926583333333333,5.324523809523809,22.177458333333334
2021-12-14,1639440000,1141.0,70.80404166666666,20.114416666666667,6.4785,19.846208333333333
2021-12-15,1639526400,1141.0,66.49754166666666,23.958083333333335,5.838,25.15668181818182
2021-12-16,1639612800,1141.0,67.44858333333333,20.328875,,
2021-12-17,1639699200,1141.0,67.97345833333334,22.075958333333332,5.421105263157895,18.029611111111112
2021-12-18,1639785600,1141.0,57.42454166666667,28.327291666666667,9.351826086956521,18.416875
2021-12-19,1639872000,1141.0,55.21604166666666,25.495333333333335,4.451578947368421,14.553083333333333
2021-12-20,1639958400,1141.0,70.34879166666666,24.817625000000003,10.057347826086955,22.94825
2021-12-21,1640044800,1141.0,64.16908333333333,24.597708333333333,7.780916666666666,23.752416666666665
2021-12-22,1640131200,1141.0,76.14091666666667,22.854125,6.437791666666667,21.66541666666667
2021-12-23,1640217600,1141.0,78.39995833333333,22.797,6.106,15.587916666666667
2021-12-24,1640304000,1141.0,74.8955,23.118708333333334,5.319727272727272,15.962541666666667
2021-12-25,1640390400,1141.0,69.756125,24.451458333333335,6.267304347826086,15.861583333333334
2021-12-26,1640476800,1141.0,70.67070833333334,20.789208333333335,7.406874999999999,17.783583333333333
2021-12-27,1640563200,1141.0,76.36479166666668,18.021041666666665,4.0595,12.188166666666667
2021-12-28,1640649600,1141.0,63.46783333333334,17.844625,3.85175,11.647874999999999
2021-12-29,1640736000,1141.0,68.80925,19.004,4.836941176470589,9.57375
2021-12-30,1640822400,1141.0,64.24958333333333,21.839583333333334,2.7106190476190477,9.84375
2021-12-31,1640908800,1141.0,62.858291666666666,23.388,4.278466666666666,13.575083333333334
2022-01-01,1640995200,1141.0,68.160625,23.61175,3.27915,14.390291666666668
2022-01-02,1641081600,1141.0,65.37854166666666,24.614125,4.287045454545455,16.788916666666665
2022-01-03,1641168000,1141.0,65.24120833333333,23.79041666666667,5.124391304347826,17.870791666666666
2022-01-04,1641254400,1141.0,72.874125,23.548708333333334,3.4853636363636364,14.845875
2022-01-05,1641340800,1141.0,84.87695652173913,23.133565217391304,4.83245,19.131391304347826
2022-01-06,1641427200,1141.0,78.75866666666667,23.89033333333333,6.696043478260869,25.447625000000002
2022-01-07,1641513600,1141.0,81.97025000000001,23.045458333333332,6.091086956521739,16.937772727272726
2022-01-08,1641600000,1141.0,71.73104166666667,24.240416666666665,5.042526315789473,15.075874999999998
2022-01-09,1641686400,1141.0,82.79899999999999,23.240708333333334,5.567875,18.55816666666667
2022-01-10,1641772800,1141.0,77.00966666666666,24.602833333333333,5.119916666666667,20.313083333333335
2022-01-11,1641859200,1141.0,74.15558333333333,23.89,5.678217391304347,17.921
2022-01-12,1641945600,1141.0,85.0605,21.58966666666667,3.2583888888888892,8.248541666666666
2022-01-13,1642032000,1141.0,81.91908333333333,22.054875,4.041368421052631,8.667333333333334
2022-01-14,1642118400,1141.0,73.56375,24.0245,4.633157894736843,19.781041666666667
2022-01-15,1642204800,1141.0,70.43333333333334,25.380166666666668,8.931833333333334,23.94520833333333
2022-01-16,1642291200,1141.0,73.79016666666666,24.58875,9.429541666666667,26.513833333333334
2022-01-17,1642377600,1141.0,70.8644347826087,26.047391304347826,10.310565217391304,26.33069565217391
2022-01-18,1642464000,1141.0,85.32626086956522,20.615130434782607,6.117476190476191,14.2015
2022-01-19,1642550400,1141.0,63.38666666666666,21.074041666666666,7.800791666666666,20.631708333333332
2022-01-20,1642636800,1141.0,66.15170833333333,20.729791666666667,4.949454545454546,23.230375
2022-01-21,1642723200,1141.0,78.84266666666666,19.803416666666667,2.358,11.478833333333334
2022-01-22,1642809600,1141.0,66.39483333333332,21.568083333333334,3.2383333333333333,9.990208333333333
2022-01-23,1642896000,1141.0,75.16825,21.316541666666666,2.5158,6.256333333333333
2022-01-24,1642982400,1141.0,71.85645833333334,22.175,3.8830000000000005,13.814291666666668
2022-01-25,1643068800,1141.0,67.67416666666666,22.623958333333334,5.0048,15.784291666666666
2022-01-26,1643155200,1141.0,63.82129166666667,22.446375,4.163136363636363,12.690458333333334
2022-01-27,1643241600,1141.0,63.446958333333335,24.400499999999997,3.5458695652173917,15.721499999999999
2022-01-28,1643328000,1141.0,66.71516666666666,24.828333333333333,3.84895,15.995416666666666
2022-01-29,1643414400,1141.0,68.907375,25.294,5.6237,18.658458333333332
2022-01-30,1643500800,1141.0,69.93579166666667,24.603375,4.178476190476191,14.487416666666666
2022-01-31,1643587200,1141.0,72.74741666666667,25.417083333333334,3.8983913043478258,10.880791666666667
2022-02-01,1643673600,1141.0,72.829875,25.776833333333332,7.684652173913043,19.939090909090908
2022-02-02,1643760000,1141.0,73.44695833333334,19.402083333333334,7.459772727272727,17.947208333333332
2022-02-03,1643846400,1141.0,56.400375,19.975666666666665,5.94,18.15725
2022-02-04,1643932800,1141.0,63.95441666666667,19.619291666666665,5.070823529411764,17.748916666666666
2022-02-05,1644019200,1141.0,56.86241666666667,21.297416666666667,5.953842105263158,17.927083333333332
2022-02-06,1644105600,1141.0,72.26174999999999,19.705916666666667,3.697,14.676666666666668
2022-02-07,1644192000,1141.0,78.394625,18.387416666666667,4.6818,10.063666666666666
2022-02-08,1644278400,1141.0,72.41583333333334,20.117458333333335,5.265952380952381,12.886541666666666
2022-02-09,1644364800,1141.0,49.498347826086956,24.487304347826086,10.539944444444444,21.746913043478262
2022-02-10,1644451200,1141.0,64.073875,24.822333333333333,6.5405,23.460291666666667
2022-02-11,1644537600,1141.0,70.56929166666667,21.592916666666667,4.9615,18.82282608695652
2022-02-12,1644624000,1141.0,86.16891666666668,18.963916666666666,3.5766666666666667,10.738083333333334
2022-02-13,1644710400,1141.0,70.31045833333333,19.809208333333334,7.653875,18.042833333333334
2022-02-14,1644796800,1141.0,67.35204166666666,22.727875,5.489714285714285,24.044916666666666
2022-02-15,1644883200,1141.0,68.53866666666667,22.728125000000002,4.620958333333333,22.8485
2022-02-16,1644969600,1141.0,69.24129166666667,22.6785,6.497999999999999,17.530565217391302
2022-02-17,1645056000,1141.0,69.55691666666667,24.73391666666667,8.610999999999999,28.746695652173912
2022-02-18,1645142400,1141.0,70.8395652173913,23.274304347826085,7.791304347826086,24.10026086956522
2022-02-19,1645228800,1141.0,72.23930434782608,20.91908695652174,6.376565217391304,19.789434782608694
2022-02-20,1645315200,1141.0,59.923,25.424304347826087,8.983285714285714,20.835
2022-02-21,1645401600,1141.0,77.24020833333333,23.495583333333332,9.104600000000001,26.828666666666667
2022-02-22,1645488000,1141.0,93.2454347826087,20.29417391304348,2.8375263157894737,9.097217391304348
2022-02-23,1645574400,1141.0,88.61216666666667,22.49891666666667,3.8064375,10.31313043478261
2022-02-24,1645660800,1141.0,86.47812499999999,22.915291666666665,3.9121666666666663,10.697454545454546
2022-02-25,1645747200,1141.0,90.712625,21.165,4.054947368421052,10.379565217391304
2022-02-26,1645833600,1141.0,90.59116666666667,20.196625,3.9352222222222224,8.205652173913043
2022-02-27,1645920000,1141.0,84.27816666666666,21.964333333333332,3.691533333333333,11.180956521739132
2022-02-28,1646006400,1141.0,88.75841666666668,21.135458333333332,3.0860526315789474,10.631083333333333
2022-03-01,1646092800,1141.0,87.97991666666667,20.764708333333335,3.5038,12.090208333333335
2022-03-02,1646179200,1141.0,92.58637499999999,20.437291666666667,2.7695333333333334,12.129249999999999
2022-03-03,1646265600,1141.0,88.30295833333332,22.28925,3.600142857142857,15.446083333333334
2022-03-04,1646352000,1141.0,88.33316666666667,22.674916666666665,2.182833333333333,9.724652173913043
2022-03-05,1646438400,1141.0,82.73445833333334,22.57466666666667,3.46055,11.925565217391306
2022-03-06,1646524800,1141.0,87.297625,23.212999999999997,3.0277000000000003,13.095166666666666
2022-03-07,1646611200,1141.0,91.85479166666666,22.462333333333333,2.856578947368421,9.387045454545454
2022-03-08,1646697600,1141.0,82.82029166666668,20.065375,4.175052631578947,3.6441000000000003
2022-03-09,1646784000,1141.0,58.88695833333333,19.705416666666668,6.397105263157894,10.35975
2022-03-10,1646870400,1141.0,60.20395833333333,18.865666666666666,5.884583333333333,16.99116666666667
2022-03-11,1646956800,1141.0,67.76825000000001,19.799125,3.6536190476190478,15.875
2022-03-12,1647043200,1141.0,69.236125,19.844625,4.917105263157895,12.322958333333332
2022-03-13,1647129600,1141.0,77.94820833333334,19.878083333333333,3.2648823529411763,9.656541666666667
2022-03-14,1647216000,1141.0,76.55179166666666,19.514625,5.308388888888889,11.894208333333333
2022-03-15,1647302400,1141.0,75.14029166666667,20.612458333333333,4.518294117647059,15.142375
2022-03-16,1647388800,1141.0,82.94491666666667,20.583125,5.75205,16.757521739130436
2022-03-17,1647475200,1141.0,76.453375,23.189916666666665,5.735363636363636,16.985375
2022-03-18,1647561600,1141.0,77.39491666666667,22.729541666666666,5.426380952380952,16.4115
2022-03-19,1647648000,1141.0,68.81766666666667,19.378249999999998,7.65275,18.628625
2022-03-20,1647734400,1141.0,65.71616666666667,21.002416666666665,3.296772727272727,17.19066666666667
2022-03-21,1647820800,1141.0,72.47095833333333,19.647583333333333,6.357583333333333,16.258375
2022-03-22,1647907200,1141.0,68.67416666666666,23.580708333333334,8.502833333333333,28.039625
2022-03-23,1647993600,1141.0,72.986,20.735583333333334,6.048043478260869,20.866541666666667
2022-03-24,1648080000,1141.0,91.31037500000001,18.486250000000002,3.7730952380952383,10.949125
2022-03-25,1648166400,1141.0,81.24658333333333,19.600833333333334,4.218166666666666,12.335
2022-03-26,1648252800,1141.0,89.81045833333333,17.769166666666667,4.27895652173913,10.329208333333334
2022-03-27,1648339200,1141.0,91.66550000000001,19.362416666666665,4.423625,10.54675
2022-03-28,1648425600,1141.0,83.91545833333333,21.355249999999998,3.3692,10.905173913043479
2022-03-29,1648512000,1141.0,89.866125,20.066708333333334,4.377166666666667,11.028217391304349
2022-03-30,1648598400,1141.0,76.97470833333334,20.291666666666668,6.623352941176471,10.353950000000001
2022-03-31,1648684800,1141.0,75.49245833333333,16.655083333333334,5.1579,9.060375
2022-04-01,1648771200,1141.0,61.715583333333335,17.177041666666668,5.007,4.495708333333333
2022-04-02,1648857600,1141.0,62.843869565217396,17.372652173913046,4.085466666666667,3.4290000000000003
2022-04-03,1648944000,1141.0,47.315875000000005,20.204916666666666,4.782809523809524,10.967416666666667
2022-04-04,1649030400,1141.0,52.62241666666667,20.39195833333333,5.820619047619048,18.953166666666664
2022-04-05,1649116800,1141.0,75.29075,20.930333333333333,5.6344,11.245666666666667
2022-04-06,1649203200,1141.0,91.83366666666666,17.520541666666666,3.22625,5.822791666666667
2022-04-07,1649289600,1141.0,80.28345833333333,18.835666666666665,4.318086956521739,17.504916666666666
2022-04-08,1649376000,1141.0,87.61874999999999,18.514208333333332,3.9600476190476193,10.784833333333333
2022-04-09,1649462400,1141.0,84.35504166666666,19.12933333333333,4.938578947368421,12.191291666666666
2022-04-10,1649548800,1141.0,81.214,19.866,5.1242857142857146,13.766916666666667
2022-04-11,1649635200,1141.0,70.30670833333333,21.530083333333334,5.463523809523809,17.668
2022-04-12,1649721600,1141.0,69.67570833333333,18.415166666666668,5.858363636363637,18.850666666666665
2022-04-13,1649808000,1141.0,84.419875,16.56833333333333,3.008352941176471,8.308708333333334
2022-04-14,1649894400,1141.0,77.7105,17.708708333333334,8.30205882352941,13.69625
2022-04-15,1649980800,1141.0,73.04604166666667,18.803583333333332,4.1704,11.965541666666667
2022-04-16,1650067200,1141.0,79.97104166666666,17.987458333333333,13.870863636363636,20.917458333333332
2022-04-17,1650153600,1141.0,76.69041666666666,18.358458333333335,7.582368421052632,12.109666666666667
2022-04-18,1650240000,1141.0,71.54770833333333,19.947583333333334,6.797782608695652,15.302750000000001
2022-04-19,1650326400,1141.0,66.81383333333333,20.257541666666665,7.871846153846154,11.253304347826088
2022-04-20,1650412800,1141.0,53.758041666666664,17.744541666666667,6.65675,8.846541666666667
2022-04-21,1650499200,1141.0,71.62191666666666,17.527166666666666,4.835952380952381,14.536041666666668
2022-04-22,1650585600,1141.0,85.27260869565217,16.39608695652174,3.180611111111111,9.363304347826087
2022-04-23,1650672000,1141.0,77.22570833333333,16.94925,6.519571428571429,10.696958333333333
2022-04-24,1650758400,1141.0,75.79570833333334,18.028583333333334,3.902875,6.371666666666666
2022-04-25,1650844800,1141.0,77.83670833333333,17.425,9.04125,13.520458333333332
2022-04-26,1650931200,1141.0,85.698875,17.520208333333333,4.2561,9.656869565217391
2022-04-27,1651017600,1141.0,91.89454166666667,17.94175,7.651695652173913,22.056166666666666
2022-04-28,1651104000,1141.0,90.81237499999999,18.599458333333335,5.165882352941176,10.665541666666668
2022-04-29,1651190400,1141.0,79.07495833333333,21.84275,5.993857142857142,14.627875000000001
2022-04-30,1651276800,1141.0,74.97779166666668,15.570958333333332,7.910636363636363,8.694
2022-05-01,1651363200,1141.0,74.99454166666666,16.356333333333335,7.925999999999999,17.198375000000002
2022-05-02,1651449600,1141.0,78.96108333333333,17.13895833333333,6.202333333333333,17.50883333333333
2022-05-03,1651536000,1141.0,75.55429166666666,17.309083333333334,7.057300000000001,14.477083333333333
2022-05-04,1651622400,1141.0,68.869,19.817875,6.41165,17.120708333333333
2022-05-05,1651708800,1141.0,68.56154166666667,16.334416666666666,6.1419999999999995,13.164250000000001
2022-05-06,1651795200,1141.0,56.90133333333333,12.669166666666667,7.600142857142858,13.436708333333334
2022-05-07,1651881600,1141.0,54.057874999999996,12.863166666666666,7.010526315789473,10.568083333333332
2022-05-08,1651968000,1141.0,64.07833333333333,15.147916666666667,6.5100999999999996,11.411083333333332
2022-05-09,1652054400,1141.0,90.76837499999999,14.882,3.1097727272727274,9.496708333333332
2022-05-10,1652140800,1141.0,74.48866666666667,17.483125,3.5833684210526315,13.670791666666666
2022-05-11,1652227200,1141.0,92.66108333333334,16.829666666666665,3.0278181818181817,11.920250000000001
2022-05-12,1652313600,1141.0,91.648375,18.653791666666667,4.344708333333333,13.969541666666666
2022-05-13,1652400000,1141.0,91.71495833333334,18.45445833333333,4.7842,13.128541666666665
2022-05-14,1652486400,1141.0,87.47154166666667,20.150875,6.906874999999999,15.754375000000001
2022-05-15,1652572800,1141.0,83.87616666666666,18.52958333333333,6.30913043478261,12.446739130434782
2022-05-16,1652659200,1141.0,64.25545833333334,16.908208333333334,6.653521739130435,14.053791666666667
2022-05-17,1652745600,1141.0,60.879875,13.965041666666666,6.0935,13.471416666666668
2022-05-18,1652832000,1141.0,53.306625,13.831541666666666,5.93245,10.443291666666667
2022-05-19,1652918400,1141.0,59.52883333333333,12.692541666666665,6.757478260869565,15.611208333333332
2022-05-20,1653004800,1141.0,88.715625,13.425791666666667,5.241842105263157,12.431208333333332
2022-05-21,1653091200,1141.0,89.13595833333333,14.571708333333333,3.141695652173913,8.689833333333333
2022-05-22,1653177600,1141.0,84.029375,14.668958333333334,3.927818181818182,8.422708333333334
2022-05-23,1653264000,1141.0,86.612375,14.303375,3.7954090909090907,10.049708333333333
2022-05-24,1653350400,1141.0,86.083625,13.736125,7.960105263157894,12.543999999999999
2022-05-25,1653436800,1141.0,83.34141666666666,14.224833333333335,7.303285714285714,13.745416666666666
2022-05-26,1653523200,1141.0,84.024875,15.166625000000002,8.2537,16.072374999999997
2022-05-27,1653609600,1141.0,82.85508333333333,15.525374999999999,9.038083333333333,18.472833333333334
2022-05-28,1653696000,1141.0,72.29258333333333,14.252791666666667,7.247565217391304,8.460458333333333
2022-05-29,1653782400,1141.0,59.95070833333333,11.582041666666667,5.4077222222222225,7.47595652173913
2022-05-30,1653868800,1141.0,68.99829166666667,11.604125000000002,4.786466666666667,7.384458333333334
2022-05-31,1653955200,1141.0,51.03062499999999,11.817958333333335,3.402909090909091,7.658666666666666
2022-06-01,1654041600,1141.0,53.95491666666666,10.662,6.052894736842105,10.7705
2022-06-02,1654128000,1141.0,71.79025,10.407375,10.733136363636364,19.719041666666666
2022-06-03,1654214400,1141.0,71.82770833333333,11.103333333333333,4.7526190476190475,9.185041666666667
2022-06-04,1654300800,1141.0,53.52546666666667,13.653666666666668,6.0880909090909086,8.257733333333332
2022-06-05,1654387200,1141.0,58.203222222222216,11.818777777777777,1.0991428571428572,4.893222222222223
2022-06-06,1654473600,1141.0,46.6655,12.094458333333334,3.524111111111111,9.635125
2022-06-07,1654560000,1141.0,51.978125,11.013916666666667,3.538842105263158,7.805791666666667
2022-06-08,1654646400,1141.0,55.169125,9.195916666666667,6.00645,9.319291666666667
2022-06-09,1654732800,1141.0,56.3945,10.698083333333335,5.133,8.776708333333334
2022-06-10,1654819200,1141.0,55.87854166666667,11.631166666666667,3.971368421052632,8.341458333333334
2022-06-11,1654905600,1141.0,46.68391666666667,11.980708333333332,5.2771,8.468
2022-06-12,1654992000,1141.0,60.122625,11.160458333333333,6.105333333333332,10.653125000000001
2022-06-13,1655078400,1141.0,71.21870833333334,9.48325,16.68415,19.148458333333334
2022-06-14,1655164800,1141.0,74.36633333333333,10.044458333333333,9.564708333333334,19.048375
2022-06-15,1655251200,1141.0,56.10754166666666,12.516125,7.528136363636364,12.194541666666666
2022-06-16,1655337600,1141.0,62.14766666666667,13.455916666666667,4.956217391304348,12.833541666666667
2022-06-17,1655424000,1141.0,63.50662499999999,13.566749999999999,4.832571428571429,12.064708333333334
2022-06-18,1655510400,1141.0,68.36179166666666,13.134875000000001,5.468714285714286,12.452833333333333
2022-06-19,1655596800,1141.0,80.92754166666667,13.72475,5.419333333333333,11.111458333333333
2022-06-20,1655683200,1141.0,83.98191666666666,12.211916666666667,9.328043478260868,18.453125
2022-06-21,1655769600,1141.0,69.92682608695652,12.541521739130435,3.5209999999999995,9.7995
2022-06-22,1655856000,1141.0,69.23039130434782,10.716260869565216,9.135190476190477,13.734217391304348
2022-06-23,1655942400,1141.0,66.7395,11.842291666666666,6.204458333333334,9.220291666666666
2022-06-24,1656028800,1141.0,61.434958333333334,13.245125,6.904894736842106,11.481791666666666
2022-06-25,1656115200,1141.0,65.97725,12.975041666666668,11.906227272727273,14.962913043478261
2022-06-26,1656201600,1141.0,65.98375,12.651583333333333,6.8033636363636365,13.387875
2022-06-27,1656288000,1141.0,57.224782608695655,10.207695652173912,6.828588235294117,12.366260869565217
2022-06-28,1656374400,1141.0,78.307625,11.180666666666667,5.297782608695653,12.952083333333334
2022-06-29,1656460800,1141.0,70.16654166666667,12.557125,6.096347826086957,14.319958333333332
2022-06-30,1656547200,1141.0,64.81933333333333,12.963833333333334,7.141541666666666,14.951208333333334
2022-07-01,1656633600,1141.0,93.07095833333334,11.106124999999999,5.8453043478260875,9.31075
2022-07-02,1656720000,1141.0,95.99495833333333,14.441375,3.037590909090909,9.6945
2022-07-03,1656806400,1141.0,88.12645833333333,15.187916666666666,3.42345,15.815083333333334
2022-07-04,1656892800,1141.0,93.01820833333333,15.129125,3.4707391304347825,9.349958333333333
2022-07-05,1656979200,1141.0,81.726375,14.792041666666668,3.475277777777778,13.153541666666667
2022-07-06,1657065600,1141.0,88.53966666666668,14.533916666666668,4.2062380952380956,9.138375
2022-07-07,1657152000,1141.0,74.78195833333334,11.575541666666666,8.574318181818182,10.877833333333333
2022-07-08,1657238400,1141.0,60.46691666666666,10.571125,5.624809523809524,7.7391250000000005
2022-07-09,1657324800,1141.0,69.08920833333333,11.28725,8.251,9.761458333333334
2022-07-10,1657411200,1141.0,89.25450000000001,11.320333333333332,3.9543684210526315,8.756333333333332
2022-07-11,1657497600,1141.0,89.58895652173912,10.312391304347827,11.834052631578947,15.048913043478262
2022-07-12,1657584000,1141.0,73.31675,10.79775,8.622190476190477,13.245958333333334
2022-07-13,1657670400,1141.0,59.220666666666666,11.559166666666668,4.572047619047619,7.724291666666667
2022-07-14,1657756800,1141.0,66.51229166666667,10.00975,5.956125,13.173875
2022-07-15,1657843200,1141.0,72.61070833333333,8.744291666666667,12.265478260869566,17.349291666666666
2022-07-16,1657929600,1141.0,53.500458333333334,12.171124999999998,8.303666666666667,9.637041666666667
2022-07-17,1658016000,1141.0,42.770875,15.184791666666667,5.436166666666667,9.448541666666666
2022-07-18,1658102400,1141.0,52.377541666666666,10.562416666666666,4.4316249999999995,9.614208333333334
2022-07-19,1658188800,1141.0,85.87241666666667,10.063333333333334,5.0964583333333335,8.891458333333334
2022-07-20,1658275200,1141.0,90.91266666666667,11.250250000000001,4.0982,8.131
2022-07-21,1658361600,1141.0,86.94822727272727,12.833954545454544,4.376047619047618,10.840958333333333
2022-07-22,1658448000,1141.0,90.73458333333333,12.424375,6.522047619047619,11.333125
2022-07-23,1658534400,1141.0,94.08416666666666,11.682791666666667,8.835714285714285,9.076416666666667
2022-07-24,1658620800,1141.0,84.9315,12.063416666666667,14.492117647058823,13.119208333333333
2022-07-25,1658707200,1141.0,83.6285,13.234958333333333,7.013850000000001,13.474208333333335
2022-07-26,1658793600,1141.0,56.53758333333334,12.499166666666667,5.543045454545455,6.554818181818181
2022-07-27,1658880000,1141.0,58.009458333333335,11.721583333333333,5.703368421052632,10.562041666666667
2022-07-28,1658966400,1141.0,56.725541666666665,13.918125000000002,6.450473684210526,7.747916666666668
2022-07-29,1659052800,1141.0,59.883916666666664,9.715,7.967714285714286,14.149869565217392
2022-07-30,1659139200,1141.0,70.422625,9.501708333333333,13.337954545454545,18.096083333333333
2022-07-31,1659225600,1141.0,57.351124999999996,13.866333333333335,7.810380952380952,12.262375
2022-08-01,1659312000,1141.0,55.030166666666666,12.443708333333333,7.555894736842106,12.781791666666665
2022-08-02,1659398400,1141.0,56.47958333333333,12.83625,8.38042105263158,12.578458333333332
2022-08-03,1659484800,1141.0,57.50004166666667,19.11975,5.275650000000001,13.131458333333333
2022-08-04,1659571200,1141.0,72.8085,17.973291666666665,4.62855,9.239045454545455
2022-08-05,1659657600,1141.0,46.91225,16.996,7.540882352941176,9.931608695652173
2022-08-06,1659744000,1141.0,53.15420833333334,13.4165,9.375866666666667,9.2095
2022-08-07,1659830400,1141.0,65.33800000000001,12.033708333333335,5.7263,8.666458333333333
2022-08-08,1659916800,1141.0,66.234375,11.2675,6.489,10.635833333333332
2022-08-09,1660003200,1141.0,75.56275000000001,11.536999999999999,3.4553,9.186916666666667
2022-08-10,1660089600,1141.0,82.17829166666667,11.054958333333333,10.2059,17.30375
2022-08-11,1660176000,1141.0,69.77804166666667,14.08025,6.637869565217391,13.103291666666665
2022-08-12,1660262400,1141.0,80.77895833333334,13.419291666666666,6.284857142857143,9.019958333333333
2022-08-13,1660348800,1141.0,61.21416666666667,12.828125,8.369266666666666,6.329739130434783
2022-08-14,1660435200,1141.0,52.6225,12.871208333333334,5.088125,5.1535416666666665
2022-08-15,1660521600,1141.0,57.92604166666666,12.255291666666666,5.9932105263157895,8.844333333333333
2022-08-16,1660608000,1141.0,57.89154166666666,12.802916666666667,5.66295,9.379541666666666
2022-08-17,1660694400,1141.0,71.78379166666666,12.360833333333332,11.013200000000001,17.515
2022-08-18,1660780800,1141.0,59.656749999999995,15.263374999999998,9.46465,20.739208333333334
2022-08-19,1660867200,1141.0,63.820166666666665,12.127125,8.064055555555555,10.601583333333332
2022-08-20,1660953600,1141.0,54.343583333333335,13.752416666666667,6.6927619047619045,13.078375000000001
2022-08-21,1661040000,1141.0,65.11358333333332,12.290833333333333,8.589176470588235,13.219666666666667
2022-08-22,1661126400,1141.0,43.154374999999995,16.280666666666665,4.726933333333333,9.275260869565217
2022-08-23,1661212800,1141.0,67.30604166666667,10.433666666666667,5.746888888888889,8.924458333333334
2022-08-24,1661299200,1141.0,55.75354166666667,11.038333333333334,7.243631578947368,10.952166666666665
2022-08-25,1661385600,1141.0,64.57912499999999,13.487083333333333,6.365523809523809,10.957416666666667
2022-08-26,1661472000,1141.0,81.50375,13.125541666666665,7.601111111111111,10.6995
2022-08-27,1661558400,1141.0,87.72829166666666,12.152875,13.78329411764706,13.611583333333334
2022-08-28,1661644800,1141.0,82.02333333333333,14.461166666666665,9.306764705882353,11.242208333333332
2022-08-29,1661731200,1141.0,79.34329166666667,15.898083333333332,5.5754,13.291291666666666
2022-08-30,1661817600,1141.0,54.71691666666667,16.903166666666667,5.863590909090909,11.62217391304348
2022-08-31,1661904000,1141.0,77.536,15.439083333333334,5.916190476190476,15.465916666666667
2022-09-01,1661990400,1141.0,79.52783333333333,15.861791666666667,8.133590909090909,19.605708333333332
2022-09-02,1662076800,1141.0,70.08883333333334,13.695041666666667,6.987260869565217,16.608791666666665
2022-09-03,1662163200,1141.0,84.85466666666666,11.772833333333333,4.575529411764706,10.073416666666667
2022-09-04,1662249600,1141.0,72.54675,12.381708333333334,6.34252380952381,10.777833333333334
2022-09-05,1662336000,1141.0,65.53966666666666,12.499583333333334,8.028157894736841,12.602541666666667
2022-09-06,1662422400,1141.0,76.82516666666668,12.277291666666665,7.490947368421053,12.474916666666667
2022-09-07,1662508800,1141.0,73.40650000000001,14.177833333333334,7.519450000000001,13.409833333333333
2022-09-08,1662595200,1141.0,71.948375,16.682375,5.038600000000001,14.319875000000001
2022-09-09,1662681600,1141.0,75.45049999999999,15.306083333333333,7.9808125,6.140173913043478
2022-09-10,1662768000,1141.0,52.03945833333333,16.991625,6.3665,6.440857142857143
2022-09-11,1662854400,1141.0,45.903999999999996,14.620291666666667,7.9379333333333335,9.881166666666667
2022-09-12,1662940800,1141.0,52.79383333333333,14.327375000000002,5.859578947368421,12.202708333333334
2022-09-13,1663027200,1141.0,61.99970833333333,12.076875000000001,6.710863636363637,13.370958333333334
2022-09-14,1663113600,1141.0,67.302,13.401041666666666,4.746952380952381,12.222125
2022-09-15,1663200000,1141.0,87.44141666666667,13.59175,6.222086956521739,8.901217391304348
2022-09-16,1663286400,1141.0,42.04629166666667,18.700125,4.54525,10.199652173913044
2022-09-17,1663372800,1141.0,48.18758333333333,16.228375,3.4467368421052633,8.643956521739131
2022-09-18,1663459200,1141.0,47.474583333333335,16.084458333333334,6.226909090909092,13.496291666666666
2022-09-19,1663545600,1141.0,49.336333333333336,14.791333333333334,6.44,13.144714285714285
2022-09-20,1663632000,1141.0,68.4145,16.369791666666668,7.2265,16.710833333333333
2022-09-21,1663718400,1141.0,80.12058333333333,17.305375,6.3140909090909085,20.898
2022-09-22,1663804800,1141.0,84.025875,16.131625,3.7940000000000005,11.795125
2022-09-23,1663891200,1141.0,83.9495,17.310958333333335,5.886208333333333,17.841874999999998
2022-09-24,1663977600,1141.0,86.64095833333333,13.882916666666667,6.050249999999999,12.012833333333333
2022-09-25,1664064000,1141.0,68.66358333333334,14.985083333333334,6.82635,11.867375000000001
2022-09-26,1664150400,1141.0,77.65041666666666,15.409333333333334,6.6427499999999995,16.896874999999998
2022-09-27,1664236800,1141.0,77.98266666666667,16.525458333333333,7.497565217391304,14.846666666666666
2022-09-28,1664323200,1141.0,73.67241666666666,15.992291666666667,3.29995,8.922625
2022-09-29,1664409600,1141.0,75.773,16.242133333333335,3.4290000000000003,13.01923076923077
2022-09-30,1664496000,1141.0,76.28316666666667,14.623083333333334,5.5821250000000004,17.39079166666667
2022-10-01,1664582400,1141.0,73.18184000000001,13.33492,5.0064761904761905,9.70192
2022-10-02,1664668800,1141.0,72.87895833333333,13.131,6.159166666666667,9.652625
2022-10-03,1664755200,1141.0,62.045291666666664,14.626,5.337409090909091,11.569833333333333
2022-10-04,1664841600,1141.0,69.344875,17.5055,5.282130434782609,16.297791666666665
2022-10-05,1664928000,1141.0,91.86304166666667,14.485833333333334,4.1602,11.59275
2022-10-06,1665014400,1141.0,89.40749999999998,16.182041666666667,3.2091000000000003,9.893083333333333
2022-10-07,1665100800,1141.0,86.02179166666667,17.723458333333333,4.3285,9.108458333333333
2022-10-08,1665187200,1141.0,85.47904166666666,15.216458333333334,3.1444,6.3541304347826095
2022-10-09,1665273600,1141.0,69.57108333333333,13.519333333333334,4.409833333333333,11.641541666666667
2022-10-10,1665360000,1141.0,69.653375,14.126166666666668,5.8100000000000005,16.081
2022-10-11,1665446400,1141.0,70.24008333333333,15.281666666666666,5.4162173913043485,15.268208333333334
2022-10-12,1665532800,1141.0,73.36195833333333,16.467,3.346,12.384541666666665
2022-10-13,1665619200,1141.0,72.76066666666667,18.395083333333336,3.0002,12.291375
2022-10-14,1665705600,1141.0,47.43283333333333,17.818833333333334,4.9797142857142855,8.96525
2022-10-15,1665792000,1141.0,59.44875,18.00795833333333,5.756565217391305,12.212333333333333
2022-10-16,1665878400,1141.0,68.06916666666667,17.508583333333334,4.678318181818182,13.769541666666667
2022-10-17,1665964800,1141.0,71.77720833333333,15.939708333333334,4.728708333333333,16.223625000000002
2022-10-18,1666051200,1141.0,81.97995833333333,17.826916666666666,4.840416666666667,14.171833333333334
2022-10-19,1666137600,1141.0,79.73583333333333,20.019083333333334,5.471727272727272,17.703791666666667
2022-10-20,1666224000,1141.0,85.80133333333333,19.69245833333333,4.025619047619047,11.855041666666667
2022-10-21,1666310400,1141.0,82.22825,19.727125,4.154,12.33625
2022-10-22,1666396800,1141.0,79.43608333333333,20.71375,5.195545454545455,13.894708333333334
2022-10-23,1666483200,1141.0,88.57379166666668,17.963833333333334,3.634263157894737,10.616818181818182
2022-10-24,1666569600,1141.0,91.625625,18.443458333333336,3.383695652173913,9.058625000000001
2022-10-25,1666656000,1141.0,73.04495833333333,21.022166666666667,5.480157894736842,12.318
2022-10-26,1666742400,1141.0,48.26420833333333,23.030541666666664,4.360947368421053,8.50113043478261
2022-10-27,1666828800,1141.0,47.72933333333333,20.487916666666667,4.7789375,9.165956521739131
2022-10-28,1666915200,1141.0,35.826875,19.909499999999998,3.552368421052632,9.727541666666667
2022-10-29,1667001600,1141.0,37.65154166666667,19.48975,4.818105263157895,8.950583333333332
2022-10-30,1667088000,1141.0,55.27279166666667,19.1495,3.18865,13.396125
2022-10-31,1667174400,1141.0,55.43291666666667,23.22066666666667,3.7254117647058824,8.095833333333333
2022-11-01,1667260800,1141.0,43.24333333333333,15.810458333333335,3.416153846153846,6.3558260869565215
2022-11-02,1667347200,1141.0,43.94091666666667,14.41375,4.927227272727273,10.067666666666666
2022-11-03,1667433600,1141.0,64.788625,16.09475,6.952478260869566,16.307333333333332
2022-11-04,1667520000,1141.0,69.30166666666666,16.147791666666667,4.96765,15.255166666666668
2022-11-05,1667606400,1141.0,66.63583333333334,17.159833333333335,8.387375,15.195083333333335
2022-11-06,1667692800,1141.0,70.324,18.335958333333334,5.71585,13.829458333333333
2022-11-07,1667779200,1141.0,70.2535909090909,18.549863636363636,3.0580000000000003,9.13125
2022-11-08,1667865600,1141.0,67.224,18.454666666666668,5.8524,11.600625
2022-11-09,1667952000,1141.0,65.57066666666667,17.89495833333333,5.217294117647059,9.753916666666667
2022-11-10,1668038400,1141.0,63.66625,18.4885,4.730941176470588,11.037833333333333
2022-11-11,1668124800,1141.0,68.02266666666667,20.293499999999998,6.1174583333333326,16.328625
2022-11-12,1668211200,1141.0,76.22370833333333,20.818291666666667,8.012478260869566,18.633958333333332
2022-11-13,1668297600,1141.0,76.90908333333333,21.51845833333333,6.7908,10.151399999999999
2022-11-14,1668384000,1141.0,47.361375,21.039458333333332,3.8408,9.859458333333334
2022-11-15,1668470400,1141.0,52.66483333333333,17.251833333333334,5.747681818181818,15.10313043478261
2022-11-16,1668556800,1141.0,56.825250000000004,13.497458333333334,3.8589444444444445,10.085333333333333
2022-11-17,1668643200,1141.0,55.93841666666666,15.624,3.667954545454545,14.026708333333334
2022-11-18,1668729600,1141.0,67.72395833333333,16.071708333333333,4.204863636363637,11.774916666666668
2022-11-19,1668816000,1141.0,62.32633333333333,21.140583333333336,5.5911739130434785,19.138136363636363
2022-11-20,1668902400,1141.0,31.1965,21.304291666666668,3.098111111111111,10.920791666666666
2022-11-21,1668988800,1141.0,37.82420833333333,16.390833333333333,3.33515,10.506416666666667
2022-11-22,1669075200,1141.0,42.030833333333334,17.487,4.184565217391304,10.523958333333333
2022-11-23,1669161600,1141.0,50.58525,21.110666666666667,6.4351111111111114,13.281833333333333
2022-11-24,1669248000,1141.0,66.68166666666666,19.89075,4.8661,16.031666666666666
2022-11-25,1669334400,1141.0,66.66704166666666,20.149208333333334,6.6843,17.726416666666665
2022-11-26,1669420800,1141.0,64.20816666666667,18.901708333333335,4.252318181818182,15.681583333333334
2022-11-27,1669507200,1141.0,70.28395833333333,21.16691666666667,7.292625,21.035125
2022-11-28,1669593600,1141.0,66.74954166666667,19.035375,5.8605217391304345,16.552565217391304
2022-11-29,1669680000,1141.0,54.676208333333335,18.763,7.1751000000000005,21.933125
2022-11-30,1669766400,1141.0,61.32329166666667,18.37425,6.643173913043478,21.778791666666667
2022-12-01,1669852800,1141.0,61.980250000000005,18.246416666666665,,22.207
2022-12-02,1669939200,1141.0,66.75041666666667,18.101791666666667,4.806333333333333,10.717238095238097
2022-12-03,1670025600,1141.0,66.71033333333334,19.105541666666667,5.030142857142857,9.9105
2022-12-04,1670112000,1141.0,64.488125,20.20991666666667,3.633277777777778,10.814
2022-12-05,1670198400,1141.0,67.324625,22.28616666666667,9.360125,23.08375
2022-12-06,1670284800,1141.0,66.180375,18.978958333333335,3.4031363636363636,14.316458333333332
2022-12-07,1670371200,1141.0,40.300583333333336,22.395166666666668,6.1213999999999995,12.964500000000001
2022-12-08,1670457600,1141.0,50.3165,17.345791666666667,5.487695652173913,24.460541666666668
2022-12-09,1670544000,1141.0,52.638,17.393333333333334,4.680541666666667,19.302666666666667
2022-12-10,1670630400,1141.0,62.446583333333336,17.94925,5.1271818181818185,15.13275
2022-12-11,1670716800,1141.0,52.4504347826087,25.276869565217392,6.915409090909091,22.815260869565215
2022-12-12,1670803200,1141.0,42.76091666666667,19.63145833333333,6.217526315789474,11.626666666666667
2022-12-13,1670889600,1141.0,47.791875000000005,19.783625,5.425041666666666,16.571875000000002
2022-12-14,1670976000,1141.0,37.9745,17.810125,3.6386499999999997,9.102541666666667
2022-12-15,1671062400,1141.0,51.4265,17.068375,5.302681818181818,16.473125
2022-12-16,1671148800,1141.0,55.258833333333335,16.678833333333333,5.242304347826087,18.201625
2022-12-17,1671235200,1141.0,71.654375,16.091375,4.206130434782609,10.781458333333333
2022-12-18,1671321600,1141.0,62.824333333333335,16.66,5.080454545454545,17.760833333333334
2022-12-19,1671408000,1141.0,56.54441666666667,16.507749999999998,8.571833333333332,25.31929166666667
2022-12-20,1671494400,1141.0,60.58345833333333,17.49875,4.01,11.201749999999999
2022-12-21,1671580800,1141.0,60.397999999999996,18.10275,4.918904761904762,9.877166666666666
2022-12-22,1671667200,1141.0,75.03016666666666,18.937208333333334,5.270181818181818,14.133375000000001
2022-12-23,1671753600,1141.0,59.018875,23.200791666666664,9.726208333333334,17.156375
2022-12-24,1671840000,1141.0,61.33775,24.442666666666668,9.035458333333333,20.48783333333333
2022-12-25,1671926400,1141.0,76.54,22.955583333333333,9.597260869565217,18.107541666666666
2022-12-26,1672012800,1141.0,65.64579166666667,24.124458333333333,5.02891304347826,11.463999999999999
2022-12-27,1672099200,1141.0,67.09016666666666,23.379541666666668,3.890944444444445,10.015291666666666
2022-12-28,1672185600,1141.0,68.35247826086956,23.476608695652175,4.9874347826086955,18.98217391304348
2022-12-29,1672272000,1141.0,79.54025,20.025875000000003,4.213208333333333,14.320458333333333
2022-12-30,1672358400,1141.0,76.75625000000001,21.172875,4.513695652173913,15.740291666666666
2022-12-31,1672444800,1141.0,79.32733333333333,21.699541666666665,4.180458333333333,13.125958333333335
2023-01-01,1672531200,1141.0,74.77479166666667,21.799666666666667,6.025333333333333,15.332916666666668
2023-01-02,1672617600,1141.0,65.43716666666667,23.360583333333334,5.227708333333333,18.536625
2023-01-03,1672704000,1141.0,71.96216666666668,23.545291666666667,6.6174583333333326,19.629083333333334
2023-01-04,1672790400,1141.0,80.79604166666667,19.222708333333333,4.376952380952381,11.754
2023-01-05,1672876800,1141.0,67.87554166666666,17.549833333333336,5.0613636363636365,15.105416666666665
2023-01-06,1672963200,1141.0,88.43487499999999,16.940708333333333,3.2775833333333337,11.194208333333334
2023-01-07,1673049600,1141.0,68.75252173913043,19.059739130434785,4.327545454545454,12.459999999999999
2023-01-08,1673136000,1141.0,63.788916666666665,19.854,5.905545454545455,15.200000000000001
2023-01-09,1673222400,1141.0,66.54675,21.363916666666668,5.341958333333333,14.599916666666665
2023-01-10,1673308800,1141.0,62.40495833333333,22.241083333333332,3.385363636363636,13.553541666666668
2023-01-11,1673395200,1141.0,66.14604166666666,22.403041666666667,5.2705652173913045,18.055
2023-01-12,1673481600,1141.0,69.08970833333333,21.989791666666665,4.882217391304348,15.699625
2023-01-13,1673568000,1141.0,72.46670833333333,22.428458333333335,4.172181818181818,14.899958333333332
2023-01-14,1673654400,1141.0,68.71566666666666,22.409125,3.869222222222222,10.198583333333334
2023-01-15,1673740800,1141.0,64.41783333333333,24.75,5.8433636363636365,17.202333333333332
2023-01-16,1673827200,1141.0,66.93966666666667,23.307666666666666,3.3553888888888888,12.665727272727274
2023-01-17,1673913600,1141.0,70.804,23.01091304347826,4.347347826086957,10.218608695652174
2023-01-18,1674000000,1141.0,75.20220833333333,23.483041666666665,6.3023333333333325,16.91517391304348
2023-01-19,1674086400,1141.0,76.68595833333333,18.19579166666667,4.942045454545454,16.105125
2023-01-20,1674172800,1141.0,72.060875,18.967666666666666,4.535428571428572,13.441125
2023-01-21,1674259200,1141.0,72.571375,20.313416666666665,3.20775,11.647166666666665
2023-01-22,1674345600,1141.0,86.28500000000001,18.584166666666665,2.5455625,7.964833333333334
2023-01-23,1674432000,1141.0,71.35779166666667,21.085791666666665,4.373523809523809,13.270958333333333
2023-01-24,1674518400,1141.0,75.39641666666667,22.185000000000002,6.264347826086956,16.041791666666665
2023-01-25,1674604800,1141.0,74.46141666666666,23.592416666666665,6.742565217391305,16.290583333333334
2023-01-26,1674691200,1141.0,69.03479166666666,25.368166666666667,9.850818181818182,28.659954545454546
2023-01-27,1674777600,1141.0,80.60425,23.81595833333333,5.848227272727272,15.853083333333332
2023-01-28,1674864000,1141.0,76.02262499999999,26.197166666666664,9.396291666666666,23.83004166666667
2023-01-29,1674950400,1141.0,78.03220833333333,24.892041666666668,8.605869565217391,17.711
2023-01-30,1675036800,1141.0,77.25533333333333,22.456666666666667,5.0415909090909095,9.941782608695652
2023-01-31,1675123200,1141.0,65.264,22.75375,4.393583333333333,12.045666666666667
2023-02-01,1675209600,1141.0,67.2205,23.7855,4.545217391304348,16.238083333333332
2023-02-02,1675296000,1141.0,44.766333333333336,26.62575,8.313,20.649954545454545
2023-02-03,1675382400,1141.0,39.939565217391305,21.994391304347825,5.094826086956521,16.78968181818182
2023-02-04,1675468800,1141.0,35.67208333333333,22.167625,4.63865,12.593291666666666
2023-02-05,1675555200,1141.0,57.2945,23.628083333333333,5.21995652173913,20.293041666666667
2023-02-06,1675641600,1141.0,72.211125,24.137416666666667,5.898260869565218,22.393375000000002
2023-02-07,1675728000,1141.0,67.83533333333334,23.501791666666666,5.9628695652173915,16.741833333333332
2023-02-08,1675814400,1141.0,79.96008333333333,22.272208333333335,4.163583333333333,15.194875000000001
2023-02-09,1675900800,1141.0,84.65283333333333,20.173875,4.704578947368421,14.335782608695652
2023-02-10,1675987200,1141.0,69.70195833333334,23.823541666666667,10.681083333333333,21.549208333333336
2023-02-11,1676073600,1141.0,54.23500000000001,26.62529166666667,8.109772727272727,24.67304347826087
2023-02-12,1676160000,1141.0,68.66154166666666,22.81266666666667,8.797666666666666,30.547416666666667
2023-02-13,1676246400,1141.0,70.82979166666667,20.904083333333332,7.5925,25.465416666666666
2023-02-14,1676332800,1141.0,83.74895833333333,19.462500000000002,4.7741428571428575,12.799916666666666
2023-02-15,1676419200,1141.0,66.95270833333333,21.490666666666666,4.229272727272727,14.689541666666665
2023-02-16,1676505600,1141.0,66.66029166666667,23.507708333333337,4.799291666666666,17.363
2023-02-17,1676592000,1141.0,69.801125,23.984708333333334,3.0168823529411766,15.774380952380952
2023-02-18,1676678400,1141.0,69.69966666666666,24.215791666666664,7.996208333333333,27.104375
2023-02-19,1676764800,1141.0,77.18775000000001,23.873125,8.234,25.41125
2023-02-20,1676851200,1141.0,71.72479166666666,25.0175,6.296260869565217,19.266625
2023-02-21,1676937600,1141.0,72.96747826086957,22.88695652173913,4.963470588235294,13.228545454545456
2023-02-22,1677024000,1141.0,69.03670833333334,19.512875,4.493666666666667,18.47220833333333
2023-02-23,1677110400,1141.0,74.228375,19.245958333333334,5.9171,17.410666666666668
2023-02-24,1677196800,1141.0,68.90804166666668,20.866083333333332,5.398260869565218,13.78182608695652
2023-02-25,1677283200,1141.0,68.65754166666666,21.536625,3.082772727272727,11.426541666666667
2023-02-26,1677369600,1141.0,62.616749999999996,25.37725,7.292541666666666,25.857791666666667
2023-02-27,1677456000,1141.0,71.04220833333333,22.982125,5.2871250000000005,20.947208333333332
2023-02-28,1677542400,1141.0,73.74770833333334,23.45720833333333,5.879380952380952,19.228958333333335
2023-03-01,1677628800,1141.0,68.859,22.834208333333333,5.910708333333333,21.33504347826087
2023-03-02,1677715200,1141.0,75.357375,21.969041666666666,3.99015,13.29591304347826
2023-03-03,1677801600,1141.0,82.150625,21.24204166666667,4.718736842105263,11.557666666666668
2023-03-04,1677888000,1141.0,72.27345833333332,21.307916666666667,4.869809523809524,11.886809523809523
2023-03-05,1677974400,1141.0,65.45175,24.604333333333333,5.512380952380953,16.266125
2023-03-06,1678060800,1141.0,52.07716666666667,28.893583333333336,9.609047619047619,31.968500000000002
2023-03-07,1678147200,1141.0,49.457458333333335,24.815749999999998,8.65557894736842,23.846565217391305
2023-03-08,1678233600,1141.0,42.01620833333333,22.850583333333333,6.388565217391305,23.08886956521739
2023-03-09,1678320000,1141.0,56.58908333333333,20.54375,6.667999999999999,21.986625
2023-03-10,1678406400,1141.0,69.47454166666667,22.197875,5.471869565217391,21.811916666666665
2023-03-11,1678492800,1141.0,64.03387500000001,25.351375,8.46804347826087,28.11125
2023-03-12,1678579200,1141.0,69.39783333333334,22.499916666666667,6.772666666666667,21.450347826086958
2023-03-13,1678665600,1141.0,71.78670833333334,21.305625,5.140875,19.362833333333334
2023-03-14,1678752000,1141.0,90.97745833333333,19.94395833333333,5.6434444444444445,12.049875
2023-03-15,1678838400,1141.0,75.56070833333334,22.790958333333332,9.848391304347826,21.542695652173915
2023-03-16,1678924800,1141.0,31.261208333333332,28.731916666666667,6.441826086956522,19.80409090909091
2023-03-17,1679011200,1141.0,71.93970833333333,23.722541666666668,8.568764705882353,20.868619047619045
2023-03-18,1679097600,1141.0,79.15404166666666,24.208708333333334,10.366,25.82858333333333
2023-03-19,1679184000,1141.0,70.30470833333334,26.168166666666668,11.309045454545455,32.849375
2023-03-20,1679270400,1141.0,74.111375,19.723833333333335,6.024125000000001,18.712125
2023-03-21,1679356800,1141.0,70.44279166666666,19.63825,4.414954545454545,16.836208333333335
2023-03-22,1679443200,1141.0,79.40066666666667,21.014666666666667,5.830380952380953,18.624708333333334
2023-03-23,1679529600,1141.0,83.22125,20.263416666666668,4.996913043478261,13.405208333333334
2023-03-24,1679616000,1141.0,74.27204166666667,21.727416666666667,5.580625,14.801250000000001
2023-03-25,1679702400,1141.0,74.67229166666667,20.09575,3.5768421052631574,11.470625
2023-03-26,1679788800,1141.0,79.33808333333333,21.075458333333334,3.997333333333333,12.996666666666668
2023-03-27,1679875200,1141.0,83.90966666666667,21.750708333333336,5.240285714285714,14.556666666666667
2023-03-28,1679961600,1141.0,81.03554166666667,20.967000000000002,5.458913043478261,12.228583333333333
2023-03-29,1680048000,1141.0,62.50779166666666,20.327333333333332,6.3375,9.619782608695653
2023-03-30,1680134400,1141.0,45.195249999999994,18.733458333333335,4.035588235294118,8.997333333333334
2023-03-31,1680220800,1141.0,51.55229166666667,18.981333333333335,5.434818181818182,11.3925
2023-04-01,1680307200,1141.0,76.33395652173913,16.52713043478261,7.148736842105262,11.062304347826087
2023-04-02,1680393600,1141.0,91.33333333333333,16.248375,3.0812380952380956,9.213083333333334
2023-04-03,1680480000,1141.0,82.12758333333333,18.064458333333334,4.894565217391304,15.043375
2023-04-04,1680566400,1141.0,73.633375,18.858958333333334,4.163772727272727,15.363166666666666
2023-04-05,1680652800,1141.0,74.62579166666667,19.117833333333333,4.299777777777778,13.701916666666667
2023-04-06,1680739200,1141.0,82.01350000000001,17.541166666666665,6.3488,14.906391304347824
2023-04-07,1680825600,1141.0,76.144125,18.034375,5.8573157894736845,8.255291666666666
2023-04-08,1680912000,1141.0,46.475541666666665,18.8535,2.711181818181818,6.842375
2023-04-09,1680998400,1141.0,46.56066666666666,15.601541666666668,3.9839047619047623,9.171291666666667
2023-04-10,1681084800,1141.0,47.754625000000004,15.029166666666667,4.17675,8.615083333333333
2023-04-11,1681171200,1141.0,64.21170833333333,16.468416666666666,6.4759166666666665,17.492708333333333
2023-04-12,1681257600,1141.0,62.864916666666666,17.295291666666667,5.98195652173913,14.328625
2023-04-13,1681344000,1141.0,79.173625,18.012541666666667,4.638199999999999,10.273583333333333
2023-04-14,1681430400,1141.0,79.63483333333333,16.543083333333332,5.796130434782609,12.249166666666667
2023-04-15,1681516800,1141.0,59.003458333333334,21.020583333333335,4.10365,11.609291666666666
2023-04-16,1681603200,1141.0,53.536833333333334,17.976333333333333,4.299944444444445,9.4415
2023-04-17,1681689600,1141.0,70.57600000000001,16.40375,5.247454545454546,18.801875
2023-04-18,1681776000,1141.0,73.95454166666667,16.701958333333334,7.121583333333334,18.268666666666665
2023-04-19,1681862400,1141.0,69.45766666666667,19.84420833333333,6.566136363636364,22.368791666666667
2023-04-20,1681948800,1141.0,77.65058333333333,16.067875,5.169416666666667,16.333583333333333
2023-04-21,1682035200,1141.0,68.48975,16.794458333333335,6.06085,14.998583333333334
2023-04-22,1682121600,1141.0,83.56641666666667,17.406041666666667,6.811791666666667,15.658208333333334
2023-04-23,1682208000,1141.0,83.07454166666666,18.271666666666665,6.694181818181818,14.334291666666667
2023-04-24,1682294400,1141.0,82.03733333333334,18.22491666666667,4.022916666666666,15.280291666666665
2023-04-25,1682380800,1141.0,75.089,17.812583333333333,6.5178095238095235,19.498833333333334
2023-04-26,1682467200,1141.0,79.40050000000001,17.081,5.92775,16.917333333333335
2023-04-27,1682553600,1141.0,75.51350000000001,18.33491666666667,5.0598,15.838083333333332
2023-04-28,1682640000,1141.0,65.67337500000001,20.861,5.747782608695653,16.922583333333332
2023-04-29,1682726400,1141.0,90.67475,15.793958333333334,7.4598125,10.450681818181819
2023-04-30,1682812800,1141.0,76.31345833333333,13.557041666666668,3.2953333333333332,7.174739130434783
2023-05-01,1682899200,1141.0,62.834583333333335,14.056375000000001,5.194,9.085652173913044
2023-05-02,1682985600,1141.0,59.157375,16.592625,4.09825,9.714458333333333
2023-05-03,1683072000,1141.0,42.589416666666665,17.493333333333336,5.394333333333334,13.847625
2023-05-04,1683158400,1141.0,67.87650000000001,13.983208333333332,7.004416666666667,16.14
2023-05-05,1683244800,1141.0,70.33066666666666,14.812708333333333,5.6265217391304345,16.279041666666668
2023-05-06,1683331200,1141.0,64.76416666666667,14.116041666666668,11.516958333333333,18.683
2023-05-07,1683417600,1141.0,56.510625000000005,11.333166666666665,3.1725625,6.094631578947369
2023-05-08,1683504000,1141.0,48.40404347826087,12.33886956521739,6.263041666666666,9.310916666666666
2023-05-09,1683590400,1141.0,56.12283333333334,13.563541666666666,4.544684210526316,14.834583333333333
2023-05-10,1683676800,1141.0,67.12670833333333,13.65975,8.678083333333333,19.225166666666667
2023-05-11,1683763200,1141.0,77.66470833333334,14.298625,7.8565,20.67054166666667
2023-05-12,1683849600,1141.0,73.55745833333333,16.004583333333333,8.666272727272728,20.733958333333334
2023-05-13,1683936000,1141.0,79.92070833333334,15.331125,9.546750000000001,16.896208333333334
2023-05-14,1684022400,1141.0,87.150125,14.329125,7.008909090909091,10.706833333333334
2023-05-15,1684108800,1141.0,85.15654166666667,14.071833333333332,7.819652173913044,14.262083333333331
2023-05-16,1684195200,1141.0,62.849916666666665,15.564083333333334,5.9147727272727275,14.320375
2023-05-17,1684281600,1141.0,66.45162499999999,12.761041666666666,3.2167499999999998,11.502875000000001
2023-05-18,1684368000,1141.0,67.07520833333334,11.953916666666666,4.613333333333333,11.809875
2023-05-19,1684454400,1141.0,61.4195,11.311708333333334,7.7260909090909085,16.843391304347826
2023-05-20,1684540800,1141.0,53.529374999999995,12.944541666666666,7.302333333333333,10.889478260869565
2023-05-21,1684627200,1141.0,59.50370833333333,12.702125,5.04675,11.470875
2023-05-22,1684713600,1141.0,65.64316666666666,11.101625,13.731681818181817,24.749375
2023-05-23,1684800000,1141.0,71.95291666666667,11.432833333333333,14.065333333333333,27.3155
2023-05-24,1684886400,1141.0,64.70491666666668,12.122958333333335,14.277791666666666,26.340333333333334
2023-05-25,1684972800,1141.0,36.74529166666667,16.596083333333333,7.840791666666667,19.533875
2023-05-26,1685059200,1141.0,65.80969565217391,10.590826086956522,5.858045454545455,17.966260869565218
2023-05-27,1685145600,1141.0,60.617875,9.736749999999999,8.868318181818182,10.129875
2023-05-28,1685232000,1141.0,59.13245833333334,11.701791666666667,5.942521739130434,9.215458333333332
2023-05-29,1685318400,1141.0,55.84520833333334,13.442875,7.246739130434783,13.091333333333333
2023-05-30,1685404800,1141.0,64.10566666666666,13.639000000000001,7.856458333333333,15.726041666666667
2023-05-31,1685491200,1141.0,65.591,15.834249999999999,11.594166666666666,20.85575
2023-06-01,1685577600,1141.0,76.93258333333334,15.177750000000001,9.563791666666667,24.74116666666667
2023-06-02,1685664000,1141.0,84.884125,16.280833333333334,9.919625,26.52916666666667
2023-06-03,1685750400,1141.0,71.19266666666667,17.964291666666668,8.918541666666668,18.580208333333335
2023-06-04,1685836800,1141.0,66.65695833333334,15.451541666666666,3.6351363636363634,13.838416666666667
2023-06-05,1685923200,1141.0,76.937125,14.611666666666666,5.693826086956522,13.077041666666666
2023-06-06,1686009600,1141.0,86.14583333333333,13.980541666666667,8.489173913043478,16.100666666666665
2023-06-07,1686096000,1141.0,80.66491666666667,14.501541666666666,5.833857142857143,11.774458333333333
2023-06-08,1686182400,1141.0,74.20004166666666,12.564124999999999,6.148208333333334,10.207708333333334
2023-06-09,1686268800,1141.0,59.306916666666666,13.339833333333333,4.810208333333333,14.549875
2023-06-10,1686355200,1141.0,63.705625,10.994916666666667,12.626541666666666,20.59504347826087
2023-06-11,1686441600,1141.0,73.24383333333334,10.4505,18.639833333333332,25.507
2023-06-12,1686528000,1141.0,75.86045833333334,13.599125,13.870916666666666,18.951208333333334
2023-06-13,1686614400,1141.0,64.11354166666666,13.962166666666667,3.412388888888889,7.954217391304348
2023-06-14,1686700800,1141.0,49.349250000000005,11.922666666666666,4.364347826086957,9.968391304347826
2023-06-15,1686787200,1141.0,60.48979166666667,11.235333333333335,7.947041666666667,14.152875
2023-06-16,1686873600,1141.0,71.08983333333333,11.404291666666666,12.563958333333334,21.097291666666667
2023-06-17,1686960000,1141.0,66.69516666666667,11.207208333333334,11.73721052631579,16.996791666666667
2023-06-18,1687046400,1141.0,56.984125,10.312041666666667,,9.222826086956522
2023-06-19,1687132800,1141.0,46.52708333333334,10.969416666666667,3.5416818181818184,10.144521739130436
2023-06-20,1687219200,1141.0,54.46454166666666,8.681,6.0069,12.199208333333333
2023-06-21,1687305600,1141.0,60.086625,10.126125,13.057347826086957,24.838217391304347
2023-06-22,1687392000,1141.0,83.23054166666667,11.097416666666668,12.344809523809523,14.825736842105265
2023-06-23,1687478400,1141.0,52.818625,12.982458333333334,2.1245714285714286,5.4310833333333335
2023-06-24,1687564800,1141.0,47.10316666666666,13.027000000000001,5.986999999999999,8.230291666666666
2023-06-25,1687651200,1141.0,31.852999999999998,14.905083333333332,3.3805909090909094,7.736916666666667
2023-06-26,1687737600,1141.0,45.41704166666667,13.94075,4.517409090909091,10.784
2023-06-27,1687824000,1141.0,56.49113043478261,13.348826086956521,8.772409090909091,16.664652173913044
2023-06-28,1687910400,1141.0,84.80179166666666,9.413666666666666,8.14545,8.423125
2023-06-29,1687996800,1141.0,51.879375,10.099833333333333,4.484619047619047,7.611125
2023-06-30,1688083200,1141.0,59.69341666666667,11.291291666666666,4.816523809523809,7.097041666666667
2023-07-01,1688169600,1141.0,55.929750000000006,12.410833333333334,3.399545454545455,6.739999999999999
2023-07-02,1688256000,1141.0,65.8695,12.185250000000002,8.980166666666667,15.920833333333334
2023-07-03,1688342400,1141.0,81.42458333333333,14.253708333333334,9.639541666666666,14.618875000000001
2023-07-04,1688428800,1141.0,93.90741666666666,13.097708333333335,9.534916666666666,14.287125000000001
2023-07-05,1688515200,1141.0,74.46708333333333,13.947375000000001,5.646736842105263,11.197083333333333
2023-07-06,1688601600,1141.0,61.50117391304348,11.638956521739132,3.586444444444444,8.860434782608696
2023-07-07,1688688000,1141.0,53.558166666666665,12.070458333333335,4.606318181818182,9.183625000000001
2023-07-08,1688774400,1141.0,43.08716666666667,14.848958333333334,3.384590909090909,9.150125000000001
2023-07-09,1688860800,1141.0,58.89570833333334,12.731250000000001,5.215,9.383583333333332
2023-07-10,1688947200,1141.0,62.706875,11.578333333333333,4.996708333333333,10.667375
2023-07-11,1689033600,1141.0,63.48,11.531208333333334,10.551499999999999,18.030625
2023-07-12,1689120000,1141.0,75.06191666666668,11.867083333333333,9.9835,17.878541666666667
2023-07-13,1689206400,1141.0,63.14795833333333,12.455041666666666,10.887625,19.548833333333334
2023-07-14,1689292800,1141.0,56.83654166666667,14.805625,10.541291666666666,18.001
2023-07-15,1689379200,1141.0,50.2305,17.172,10.585208333333332,17.1255
2023-07-16,1689465600,1141.0,86.68599999999999,13.83225,11.144666666666666,17.94525
2023-07-17,1689552000,1141.0,86.92320833333333,12.945666666666668,6.325869565217391,14.952208333333333
2023-07-18,1689638400,1141.0,53.92075,13.775041666666667,5.013571428571429,11.891541666666667
2023-07-19,1689724800,1141.0,63.925625,8.91775,8.84047619047619,20.524333333333335
2023-07-20,1689811200,1141.0,50.13591666666667,11.474791666666667,9.005833333333333,18.162541666666666
2023-07-21,1689897600,1141.0,61.526999999999994,12.148041666666666,5.277583333333333,11.308041666666668
2023-07-22,1689984000,1141.0,70.63799999999999,10.212541666666667,11.104666666666667,16.871916666666667
2023-07-23,1690070400,1141.0,72.38008333333333,12.812958333333333,7.083954545454546,12.238458333333334
2023-07-24,1690156800,1141.0,79.65595833333333,11.398208333333335,8.83081818181818,20.359708333333334
2023-07-25,1690243200,1141.0,81.476125,11.439541666666665,12.200125,21.069916666666668
2023-07-26,1690329600,1141.0,67.588375,12.122333333333332,11.877125,21.685958333333332
2023-07-27,1690416000,1141.0,75.019125,13.046583333333333,11.820291666666668,21.63575
2023-07-28,1690502400,1141.0,55.8065,16.855458333333335,9.348416666666667,18.097791666666666
2023-07-29,1690588800,1141.0,70.33379166666667,15.4735,14.305173913043479,21.595041666666663
2023-07-30,1690675200,1141.0,53.021416666666674,16.986916666666666,5.991347826086957,10.734375
2023-07-31,1690761600,1141.0,51.117124999999994,14.974541666666667,5.895545454545455,13.348291666666666
2023-08-01,1690848000,1141.0,61.60220833333333,13.790041666666667,9.32,21.261166666666668
2023-08-02,1690934400,1141.0,82.15412500000001,12.663708333333332,11.215208333333335,23.884291666666666
2023-08-03,1691020800,1141.0,77.30033333333334,14.112875,12.176304347826088,24.14170833333333
2023-08-04,1691107200,1141.0,62.15966666666667,15.622916666666667,17.276458333333334,26.90195833333333
2023-08-05,1691193600,1141.0,76.746875,14.694833333333333,8.532041666666666,17.788666666666668
2023-08-06,1691280000,1141.0,71.78479166666666,12.874958333333334,5.173166666666667,12.716875
2023-08-07,1691366400,1141.0,83.278125,12.47075,6.197916666666667,12.30108695652174
2023-08-08,1691452800,1141.0,79.52316666666667,12.55375,9.063304347826087,16.588541666666668
2023-08-09,1691539200,1141.0,66.11716666666668,13.9995,5.796608695652174,11.559086956521739
2023-08-10,1691625600,1141.0,46.38766666666667,14.937041666666666,6.462388888888889,12.327083333333333
2023-08-11,1691712000,1141.0,65.01441666666666,11.821208333333333,7.692833333333333,16.907208333333333
2023-08-12,1691798400,1141.0,57.714166666666664,14.461458333333333,10.361666666666666,15.120875
2023-08-13,1691884800,1141.0,79.127875,13.478,6.186416666666666,10.50025
2023-08-14,1691971200,1141.0,87.37512500000001,11.333458333333333,5.085304347826087,7.385916666666667
2023-08-15,1692057600,1141.0,76.52591666666667,11.72425,5.166882352941177,10.041166666666667
2023-08-16,1692144000,1141.0,81.10729166666667,11.088041666666667,7.50065,11.603208333333335
2023-08-17,1692230400,1141.0,67.87904166666667,14.170083333333332,10.04725,14.052869565217392
2023-08-18,1692316800,1141.0,45.902458333333335,13.218958333333333,5.21125,7.5134
2023-08-19,1692403200,1141.0,55.532624999999996,13.701916666666667,4.414388888888889,8.28
2023-08-20,1692489600,1141.0,62.21154166666667,15.024458333333333,10.10538888888889,13.139916666666666
2023-08-21,1692576000,1141.0,66.02629166666667,14.336916666666667,8.76504761904762,16.049
2023-08-22,1692662400,1141.0,57.693291666666674,17.391791666666666,6.698444444444444,13.153304347826088
2023-08-23,1692748800,1141.0,72.504375,14.1885,6.52147619047619,13.430458333333334
2023-08-24,1692835200,1141.0,74.09029166666666,12.496625,8.610782608695652,17.614958333333334
2023-08-25,1692921600,1141.0,75.89316666666666,13.901166666666667,7.691434782608695,16.451083333333333
2023-08-26,1693008000,1141.0,79.21345833333334,13.4555,12.817318181818182,19.509375000000002
2023-08-27,1693094400,1141.0,76.615875,14.375583333333333,8.14625,13.643749999999999
2023-08-28,1693180800,1141.0,76.91033333333333,14.811166666666667,7.8676666666666675,13.39508695652174
2023-08-29,1693267200,1141.0,71.39408333333334,16.231458333333332,9.256333333333332,18.98973913043478
2023-08-30,1693353600,1141.0,72.622125,15.838375,6.852416666666667,12.693541666666667
2023-08-31,1693440000,1141.0,70.8705,14.247458333333334,5.448263157894736,12.218727272727273
2023-09-01,1693526400,1141.0,60.423458333333336,12.847499999999998,4.360227272727273,14.475458333333334
2023-09-02,1693612800,1141.0,71.3585,13.493916666666665,5.884565217391304,12.154208333333335
2023-09-03,1693699200,1141.0,73.04779166666667,13.083625,6.651260869565217,13.654333333333334
2023-09-04,1693785600,1141.0,80.51241666666667,15.995791666666667,8.417913043478261,18.498416666666667
2023-09-05,1693872000,1141.0,23.851928571428573,20.37407142857143,6.422222222222222,13.359214285714286
2023-09-06,1693958400,1141.0,64.76683333333334,14.732916666666668,12.109250000000001,25.089
2023-09-07,1694044800,1141.0,54.519708333333334,21.17425,13.920291666666666,26.209041666666664
2023-09-08,1694131200,1141.0,55.63075,12.324208333333333,3.890409090909091,7.780739130434783
2023-09-09,1694217600,1141.0,46.02204166666667,11.806791666666667,4.731285714285714,9.266416666666666
2023-09-10,1694304000,1141.0,60.670874999999995,12.028291666666668,40.388999999999996,62.918894736842105
2023-09-11,1694390400,1141.0,65.14404166666667,13.463375,19.734739130434782,22.432041666666667
2023-09-12,1694476800,1141.0,72.20772727272727,13.969681818181819,32.47709090909091,39.835136363636366
2023-09-13,1694563200,1141.0,63.16558333333333,15.457749999999999,45.077708333333334,50.662708333333335
2023-09-14,1694649600,1141.0,53.835375,17.435791666666667,27.034208333333336,34.02220833333333
2023-09-15,1694736000,1141.0,50.71791666666667,19.867208333333334,21.821166666666667,34.00908333333333
2023-09-16,1694822400,1141.0,28.826125,24.268291666666666,8.017181818181818,15.868708333333332
2023-09-17,1694908800,1141.0,41.54354166666667,22.305208333333336,8.083578947368421,16.268708333333333
2023-09-18,1694995200,1141.0,37.000125000000004,24.273124999999997,14.479041666666667,31.22191666666667
2023-09-19,1695081600,1141.0,22.312142857142856,26.811190476190475,8.271105263157896,19.89166666666667
2023-09-20,1695168000,1141.0,41.90645833333333,24.791666666666668,7.518913043478261,29.8845
2023-09-21,1695254400,1141.0,62.231125,15.733291666666666,4.569086956521739,16.251708333333333
2023-09-22,1695340800,1141.0,64.3805,13.134625,4.775,13.519095238095238
2023-09-23,1695427200,1141.0,64.3145,14.202125,6.502916666666667,12.557125
2023-09-24,1695513600,1141.0,64.69229166666666,14.370416666666666,5.176090909090909,10.871625
2023-09-25,1695600000,1141.0,60.97675,18.609791666666666,9.315375,21.276125
2023-09-26,1695686400,1141.0,81.48482608695653,17.318434782608698,11.170047619047619,23.073826086956522
2023-09-27,1695772800,1141.0,80.212,18.40775,9.291409090909092,18.581416666666666
2023-09-28,1695859200,1141.0,79.07604166666667,16.715625,6.096521739130435,15.032916666666667
2023-09-29,1695945600,1141.0,68.05408333333334,19.1285,11.381652173913045,21.9105
2023-09-30,1696032000,1141.0,60.46548,21.7132,11.527458333333334,22.02564
2023-10-01,1696118400,1141.0,45.292,24.498041666666666,10.116260869565219,35.058708333333335
2023-10-02,1696204800,1141.0,69.75654166666666,19.799916666666665,12.204416666666667,35.45108333333334
2023-10-03,1696291200,1141.0,27.188136363636364,28.300363636363635,8.161947368421053,22.685772727272727
2023-10-04,1696377600,1141.0,59.1385,17.8735,8.1762,14.570761904761904
2023-10-05,1696464000,1141.0,40.37383333333333,15.840083333333332,3.741052631578947,9.92595652173913
2023-10-06,1696550400,1141.0,59.582875,15.286125,6.158181818181817,17.172541666666667
2023-10-07,1696636800,1141.0,67.066,14.613875,5.96425,13.111416666666665
2023-10-08,1696723200,1141.0,65.31925,15.192791666666666,4.712,11.125375
2023-10-09,1696809600,1141.0,62.21665217391304,18.417,6.707263157894737,17.04617391304348
2023-10-10,1696896000,1141.0,70.20841666666666,18.41125,7.662217391304347,19.835041666666665
2023-10-11,1696982400,1141.0,71.28858333333334,18.974166666666665,7.730956521739131,19.096875
2023-10-12,1697068800,1141.0,39.7735,21.698833333333337,4.969692307692307,12.568249999999999
2023-10-13,1697155200,1141.0,44.721583333333335,18.196,3.8520000000000003,8.854083333333334
2023-10-14,1697241600,1141.0,39.37495833333333,20.922875,3.9833333333333334,9.176499999999999
2023-10-15,1697328000,1141.0,60.571124999999995,18.487750000000002,6.398695652173912,14.544375
2023-10-16,1697414400,1141.0,55.20070833333333,14.713625,6.864923076923077,10.773041666666666
2023-10-17,1697500800,1141.0,82.03224999999999,14.136166666666666,6.175652173913043,10.068416666666666
2023-10-18,1697587200,1141.0,67.43995833333334,16.038791666666665,5.175473684210527,12.398166666666667
2023-10-19,1697673600,1141.0,68.26525,17.044,4.856714285714285,17.442875
2023-10-20,1697760000,1141.0,74.367,19.751041666666666,11.067434782608695,23.651458333333334
2023-10-21,1697846400,1141.0,74.249375,20.972375,10.846045454545454,25.87770833333333
2023-10-22,1697932800,1141.0,32.56904166666667,21.738958333333333,4.266444444444445,13.077347826086957
2023-10-23,1698019200,1141.0,57.855625,19.763791666666666,8.588217391304347,20.129
2023-10-24,1698105600,1141.0,62.34583333333333,22.297,14.711263157894738,34.904916666666665
2023-10-25,1698192000,1141.0,67.30745833333334,17.257833333333334,9.898304347826087,31.827749999999998
2023-10-26,1698278400,1141.0,64.52154166666666,14.108583333333334,4.849333333333333,16.497391304347826
2023-10-27,1698364800,1141.0,72.690625,13.699083333333334,5.294941176470588,9.660874999999999
2023-10-28,1698451200,1141.0,64.49270833333334,15.342291666666666,5.97375,9.929499999999999
2023-10-29,1698537600,1141.0,55.04745833333334,19.748,5.61325,14.151708333333334
2023-10-30,1698624000,1141.0,20.728416666666668,28.2375,7.182590909090909,24.29595833333333
2023-10-31,1698710400,1141.0,53.41866666666667,18.444583333333334,8.518869565217392,28.46804347826087
2023-11-01,1698796800,1141.0,57.836958333333335,17.733125,5.544818181818182,19.968625
2023-11-02,1698883200,1141.0,65.40870833333334,18.736583333333332,5.247739130434782,15.673166666666667
2023-11-03,1698969600,1141.0,73.57004166666667,19.348333333333333,6.0100999999999996,12.951958333333332
2023-11-04,1699056000,1141.0,82.61575,17.278458333333333,5.473277777777778,10.8795
2023-11-05,1699142400,1141.0,73.58979166666667,16.5135,3.4141666666666666,11.287916666666666
2023-11-06,1699228800,1141.0,66.97573913043479,17.27469565217391,5.526947368421053,12.065708333333333
2023-11-07,1699315200,1141.0,69.10945833333334,19.272666666666666,5.5645454545454545,14.317958333333332
2023-11-08,1699401600,1141.0,67.85745833333333,21.394291666666664,7.4166,16.490958333333335
2023-11-09,1699488000,1141.0,84.02195833333333,19.09075,6.4952499999999995,14.706958333333333
2023-11-10,1699574400,1141.0,79.6938695652174,20.478739130434782,5.911764705882353,16.85682608695652
2023-11-11,1699660800,1141.0,63.37799999999999,23.49683333333333,8.230434782608697,27.481125000000002
2023-11-12,1699747200,1141.0,72.725875,20.761458333333334,10.133217391304347,31.58129166666667
2023-11-13,1699833600,1141.0,64.336,19.588541666666668,4.9402608695652175,21.78425
2023-11-14,1699920000,1141.0,74.76408333333333,21.54579166666667,6.978285714285715,27.834999999999997
2023-11-15,1700006400,1141.0,71.58954166666668,21.524666666666665,4.2062,14.079458333333333
2023-11-16,1700092800,1141.0,71.93045833333333,19.759,4.740526315789474,17.069695652173912
2023-11-17,1700179200,1141.0,66.94458333333334,18.01245833333333,3.783714285714286,13.528583333333332
2023-11-18,1700265600,1141.0,62.32820833333333,19.199041666666666,4.276999999999999,12.131666666666668
2023-11-19,1700352000,1141.0,70.91791666666667,21.605375,7.744208333333333,25.14854166666667
2023-11-20,1700438400,1141.0,68.21629166666666,21.785208333333333,6.738545454545454,20.7665
2023-11-21,1700524800,1141.0,75.9775,20.847375,5.720666666666667,7.305375000000001
2023-11-22,1700611200,1141.0,69.39879166666667,21.480166666666666,5.897782608695652,17.957916666666666
2023-11-23,1700697600,1141.0,85.63229166666667,20.0355,4.390764705882353,9.471652173913045
2023-11-24,1700784000,1141.0,88.39516666666667,20.009208333333333,5.00265,8.88575
2023-11-25,1700870400,1141.0,85.594,20.563791666666667,4.293950000000001,9.118434782608695
2023-11-26,1700956800,1141.0,66.5485,23.489874999999998,7.883444444444446,18.917809523809524
2023-11-27,1701043200,1141.0,74.201125,21.802541666666666,4.903409090909091,16.8755
2023-11-28,1701129600,1141.0,88.01083333333334,20.751166666666666,5.704666666666667,17.054750000000002
2023-11-29,1701216000,1141.0,85.84204166666666,19.699125,4.930227272727272,16.09375
2023-11-30,1701302400,1141.0,65.54341666666666,22.250666666666664,4.692764705882353,11.703652173913044
2023-12-01,1701388800,1141.0,70.42304166666666,21.883208333333332,4.325699999999999,14.642375
2023-12-02,1701475200,1141.0,79.18395833333334,19.934208333333334,8.413857142857143,15.206476190476192
2023-12-03,1701561600,1141.0,70.08141666666667,20.720458333333333,4.438722222222222,11.989666666666666
2023-12-04,1701648000,1141.0,67.23654166666667,20.676083333333334,2.881421052631579,10.889083333333334
2023-12-05,1701734400,1141.0,53.545125000000006,26.945916666666665,10.3515,32.2074
2023-12-06,1701820800,1141.0,70.14920833333333,21.702583333333333,,
2023-12-07,1701907200,1141.0,69.33520833333334,24.00475,5.519,28.6128
2023-12-08,1701993600,1141.0,55.57029166666666,28.64854166666667,12.375523809523811,29.95566666666667
2023-12-09,1702080000,1141.0,61.97841666666667,28.10275,9.694578947368422,19.774666666666665
2023-12-10,1702166400,1141.0,77.01958333333333,23.58320833333333,6.453416666666667,21.049666666666667
2023-12-11,1702252800,1141.0,75.507875,24.601875000000003,6.5915,24.132125000000002
2023-12-12,1702339200,1141.0,70.79875,23.983708333333336,5.430272727272728,14.666583333333334
2023-12-13,1702425600,1141.0,70.72325,25.503874999999997,6.936041666666667,22.139750000000003
2023-12-14,1702512000,1141.0,52.01445833333333,28.204166666666666,6.464454545454545,24.059208333333334
2023-12-15,1702598400,1141.0,68.61391666666667,23.098416666666665,6.565173913043478,22.346260869565214
2023-12-16,1702684800,1141.0,53.391124999999995,25.458791666666666,7.2574444444444435,20.519333333333332
2023-12-17,1702771200,1141.0,72.0205,22.600666666666665,8.070238095238095,25.80825
2023-12-18,1702857600,1141.0,79.6795,25.152458333333332,11.482500000000002,28.635499999999997
2023-12-19,1702944000,1141.0,73.04158333333334,24.41479166666667,26.742210526315787,35.379875
2023-12-20,1703030400,1141.0,84.03791666666667,17.437083333333334,2.93945,7.2171666666666665
2023-12-21,1703116800,1141.0,62.64704166666667,19.787791666666667,4.09795652173913,25.859583333333333
2023-12-22,1703203200,1141.0,62.254583333333336,20.590708333333335,5.2999090909090905,16.984166666666667
2023-12-23,1703289600,1141.0,72.6545,21.383125000000003,4.683727272727273,11.594958333333333
2023-12-24,1703376000,1141.0,89.02170833333334,19.537,5.664066666666667,12.010695652173911
2023-12-25,1703462400,1141.0,77.76979166666666,23.197541666666666,7.47125,17.761041666666667
2023-12-26,1703548800,1141.0,78.40575,22.995791666666666,6.095458333333333,19.143375
2023-12-27,1703635200,1141.0,78.93391666666666,20.308208333333333,6.291347826086956,16.508750000000003
2023-12-28,1703721600,1141.0,67.370625,23.096708333333336,6.316125,13.389083333333334
2023-12-29,1703808000,1141.0,67.50608333333334,22.48229166666667,4.753823529411765,12.509652173913043
2023-12-30,1703894400,1141.0,63.956785714285715,22.318071428571425,7.265916666666667,18.556714285714285
